reaction_id	reaction_smiles	reactants	products	reactant_formulas	product_formulas	reactant_smiles	product_smiles	condition_id	temperature	time	pH	pressure	agents	source_doi	source_title	source_authors	source_year	modules	module_names	chemorigins_url
pbr-000001	CC(=O)C(=O)[O-].O=CC(=O)[O-]>>O=C(O)C(=O)CC(O)C(=O)O	Glyoxylate + Pyruvate	4-hydroxy-2-oxoglutaric acid	C2H2O3 + C3H4O3	C5H6O6	C(=O)C(=O)O + CC(=O)C(=O)O	C(C(C(=O)O)O)C(=O)C(=O)O	pbc-000310						10.1038/s41467-017-02591-0	Linked cycles of oxidative decarboxylation of glyoxylate as protometabolic analogs of the citric acid cycle	Springsteen G,Yerabolu J,Nelson J,Rhea C,Krishnamurthy R	2018	pbmdl-000004	Glutamate-synthesis	https://chemorigins.bact.wisc.edu/reactions/pbr-000001
pbr-000001	CC(=O)C(=O)[O-].O=CC(=O)[O-]>>O=C(O)C(=O)CC(O)C(=O)O	Glyoxylate + Pyruvate	4-hydroxy-2-oxoglutaric acid	C2H2O3 + C3H4O3	C5H6O6	C(=O)C(=O)O + CC(=O)C(=O)O	C(C(C(=O)O)O)C(=O)C(=O)O	pbc-000000	70.0				Ferrous iron	10.1038/s41586-019-1151-1	Synthesis and breakdown of universal metabolic precursors promoted by iron	Muchowska K,Varma S,Moran J	2019	pbmdl-000004	Glutamate-synthesis	https://chemorigins.bact.wisc.edu/reactions/pbr-000001
pbr-000002	O=C(O)C(=O)CC(O)C(=O)O>>O=C(O)C=CC(=O)C(=O)O.O	4-hydroxy-2-oxoglutaric acid	H2O + 4-oxopent-2-enedioic acid	C5H6O6	H2O + C5H4O5	C(C(C(=O)O)O)C(=O)C(=O)O	O + C(=CC(=O)O)C(=O)C(=O)O	pbc-000001	70.0				Ferrous iron	10.1038/s41586-019-1151-1	Synthesis and breakdown of universal metabolic precursors promoted by iron	Muchowska K,Varma S,Moran J	2019	pbmdl-000004	Glutamate-synthesis	https://chemorigins.bact.wisc.edu/reactions/pbr-000002
pbr-000003	O=C(O)C=CC(=O)C(=O)O>>O=C(O)CCC(=O)C(=O)O	4-oxopent-2-enedioic acid	2-Oxoglutarate	C5H4O5	C5H6O5	C(=CC(=O)O)C(=O)C(=O)O	C(CC(=O)O)C(=O)C(=O)O	pbc-000002	70.0				Ferrous iron	10.1038/s41586-019-1151-1	Synthesis and breakdown of universal metabolic precursors promoted by iron	Muchowska K,Varma S,Moran J	2019	pbmdl-000004	Glutamate-synthesis	https://chemorigins.bact.wisc.edu/reactions/pbr-000003
pbr-000004	O=C(O)CCC(=O)C(=O)O.O=CC(=O)[O-]>>O=C(O)CC(C(=O)C(=O)O)C(O)C(=O)O	Glyoxylate + 2-Oxoglutarate	3-(carboxymethyl)-2-hydroxy-4-oxopentanedioic acid	C2H2O3 + C5H6O5	C7H8O8	C(=O)C(=O)O + C(CC(=O)O)C(=O)C(=O)O	C(C(C(C(=O)O)O)C(=O)C(=O)O)C(=O)O	pbc-000003	70.0				Ferrous iron	10.1038/s41586-019-1151-1	Synthesis and breakdown of universal metabolic precursors promoted by iron	Muchowska K,Varma S,Moran J	2019			https://chemorigins.bact.wisc.edu/reactions/pbr-000004
pbr-000005	O=C(O)CC(C(=O)C(=O)O)C(O)C(=O)O.O>>O=C=O.O=C(O)CC(C(=O)O)C(O)C(=O)O	H2O + 3-(carboxymethyl)-2-hydroxy-4-oxopentanedioic acid	Isocitrate + CO2	H2O + C7H8O8	C6H8O7 + CO2	O + C(C(C(C(=O)O)O)C(=O)C(=O)O)C(=O)O	C(C(C(C(=O)O)O)C(=O)O)C(=O)O + C(=O)=O	pbc-000004	70.0				Ferrous iron	10.1038/s41586-019-1151-1	Synthesis and breakdown of universal metabolic precursors promoted by iron	Muchowska K,Varma S,Moran J	2019			https://chemorigins.bact.wisc.edu/reactions/pbr-000005
pbr-000006	O=C(O)CC(C(=O)O)C(O)C(=O)O>>O=CC(=O)[O-].O=C([O-])CCC(=O)[O-]	Isocitrate	Succinate + Glyoxylate	C6H8O7	C4H6O4 + C2H2O3	C(C(C(C(=O)O)O)C(=O)O)C(=O)O	C(CC(=O)O)C(=O)O + C(=O)C(=O)O	pbc-000005	70.0				Ferrous iron	10.1038/s41586-019-1151-1	Synthesis and breakdown of universal metabolic precursors promoted by iron	Muchowska K,Varma S,Moran J	2019	pbmdl-000003	Glycine-synthesis	https://chemorigins.bact.wisc.edu/reactions/pbr-000006
pbr-000007	O=C([O-])CCC(=O)[O-]>>O=C([O-])/C=C/C(=O)[O-]	Succinate	Fumarate	C4H6O4	C4H4O4	C(CC(=O)O)C(=O)O	C(=CC(=O)O)C(=O)O	pbc-000006	70.0				Ferrous iron	10.1038/s41586-019-1151-1	Synthesis and breakdown of universal metabolic precursors promoted by iron	Muchowska K,Varma S,Moran J	2019			https://chemorigins.bact.wisc.edu/reactions/pbr-000007
pbr-000008	O=C([O-])/C=C/C(=O)[O-].O>>O=C([O-])CC(O)C(=O)[O-]	H2O + Fumarate	(S)-Malate	H2O + C4H4O4	C4H6O5	O + C(=CC(=O)O)C(=O)O	C(C(C(=O)O)O)C(=O)O	pbc-000007	70.0				Ferrous iron	10.1038/s41586-019-1151-1	Synthesis and breakdown of universal metabolic precursors promoted by iron	Muchowska K,Varma S,Moran J	2019			https://chemorigins.bact.wisc.edu/reactions/pbr-000008
pbr-000009	O=C([O-])CC(O)C(=O)[O-]>>O=C(O)CC(=O)C(=O)O	(S)-Malate	Oxaloacetate	C4H6O5	C4H4O5	C(C(C(=O)O)O)C(=O)O	C(C(=O)C(=O)O)C(=O)O	pbc-000277						10.1126/sciadv.abh3981	A cyanosulfidic origin of the Krebs cycle	Ritson D	2021			https://chemorigins.bact.wisc.edu/reactions/pbr-000009
pbr-000009	O=C([O-])CC(O)C(=O)[O-]>>O=C(O)CC(=O)C(=O)O	(S)-Malate	Oxaloacetate	C4H6O5	C4H4O5	C(C(C(=O)O)O)C(=O)O	C(C(=O)C(=O)O)C(=O)O	pbc-000008	70.0				Ferrous iron	10.1038/s41586-019-1151-1	Synthesis and breakdown of universal metabolic precursors promoted by iron	Muchowska K,Varma S,Moran J	2019			https://chemorigins.bact.wisc.edu/reactions/pbr-000009
pbr-000010	O=C(O)CC(=O)C(=O)O>>CC(=O)C(=O)[O-].O=C=O	Oxaloacetate	CO2 + Pyruvate	C4H4O5	CO2 + C3H4O3	C(C(=O)C(=O)O)C(=O)O	C(=O)=O + CC(=O)C(=O)O	pbc-000009	70.0				Ferrous iron	10.1038/s41586-019-1151-1	Synthesis and breakdown of universal metabolic precursors promoted by iron	Muchowska K,Varma S,Moran J	2019	pbmdl-000001	Alanine-synthesis	https://chemorigins.bact.wisc.edu/reactions/pbr-000010
pbr-000011	O=C(O)C(=O)CC(O)C(=O)O.O>>O=C([O-])CC(O)C(=O)[O-].O=C=O	H2O + 4-hydroxy-2-oxoglutaric acid	CO2 + (S)-Malate	H2O + C5H6O6	CO2 + C4H6O5	O + C(C(C(=O)O)O)C(=O)C(=O)O	C(=O)=O + C(C(C(=O)O)O)C(=O)O	pbc-000010	70.0				Ferrous iron	10.1038/s41586-019-1151-1	Synthesis and breakdown of universal metabolic precursors promoted by iron	Muchowska K,Varma S,Moran J	2019			https://chemorigins.bact.wisc.edu/reactions/pbr-000011
pbr-000012	O=C(O)C=CC(=O)C(=O)O.O>>O=C([O-])/C=C/C(=O)[O-].O=C=O	H2O + 4-oxopent-2-enedioic acid	CO2 + Fumarate	H2O + C5H4O5	CO2 + C4H4O4	O + C(=CC(=O)O)C(=O)C(=O)O	C(=O)=O + C(=CC(=O)O)C(=O)O	pbc-000011	70.0				Ferrous iron	10.1038/s41586-019-1151-1	Synthesis and breakdown of universal metabolic precursors promoted by iron	Muchowska K,Varma S,Moran J	2019			https://chemorigins.bact.wisc.edu/reactions/pbr-000012
pbr-000013	O=C(O)CCC(=O)C(=O)O.O>>O=C([O-])CCC(=O)[O-].O=C=O	H2O + 2-Oxoglutarate	CO2 + Succinate	H2O + C5H6O5	CO2 + C4H6O4	O + C(CC(=O)O)C(=O)C(=O)O	C(=O)=O + C(CC(=O)O)C(=O)O	pbc-000012	70.0				Ferrous iron	10.1038/s41586-019-1151-1	Synthesis and breakdown of universal metabolic precursors promoted by iron	Muchowska K,Varma S,Moran J	2019			https://chemorigins.bact.wisc.edu/reactions/pbr-000013
pbr-000014	O=C(O)CC(C(=O)O)C(O)C(=O)O>>O=C(O)C=C(CC(=O)O)C(=O)O.O	Isocitrate	H2O + cis-Aconitate	C6H8O7	H2O + C6H6O6	C(C(C(C(=O)O)O)C(=O)O)C(=O)O	O + C(C(=CC(=O)O)C(=O)O)C(=O)O	pbc-000013	70.0				Ferrous iron	10.1038/s41586-019-1151-1	Synthesis and breakdown of universal metabolic precursors promoted by iron	Muchowska K,Varma S,Moran J	2019			https://chemorigins.bact.wisc.edu/reactions/pbr-000014
pbr-000015	O.[O-]C(=O)CC(=CC([O-])=O)C([O-])=O>>OC(CC([O-])=O)(CC([O-])=O)C([O-])=O	cis-Aconitate + H2O	Citrate	C6H6O6 + H2O	C6H8O7	C(C(=CC(=O)O)C(=O)O)C(=O)O + O	C(C(=O)O)C(CC(=O)O)(C(=O)O)O	pbc-000014	70.0				Ferrous iron	10.1038/s41586-019-1151-1	Synthesis and breakdown of universal metabolic precursors promoted by iron	Muchowska K,Varma S,Moran J	2019			https://chemorigins.bact.wisc.edu/reactions/pbr-000015
pbr-000016	O=C(O)C=C(CC(=O)O)C(=O)O>>O=C(O)CC(CC(=O)O)C(=O)O	cis-Aconitate	tricarballylic acid	C6H6O6	C6H8O6	C(C(=CC(=O)O)C(=O)O)C(=O)O	C(C(CC(=O)O)C(=O)O)C(=O)O	pbc-000015	70.0				Ferrous iron	10.1038/s41586-019-1151-1	Synthesis and breakdown of universal metabolic precursors promoted by iron	Muchowska K,Varma S,Moran J	2019			https://chemorigins.bact.wisc.edu/reactions/pbr-000016
pbr-000017	O=C([O-])CC(=O)[O-].O=CC(=O)[O-]>>O=C(O)C(O)C(C(=O)O)C(=O)O	Glyoxylate + malonic acid	2-hydroxyethane-1,1,2-tricarboxylic acid	C2H2O3 + C3H4O4	C5H6O7	C(=O)C(=O)O + C(C(=O)O)C(=O)O	C(C(C(=O)O)O)(C(=O)O)C(=O)O	pbc-000016	70.0				Ferrous iron	10.1038/s41586-019-1151-1	Synthesis and breakdown of universal metabolic precursors promoted by iron	Muchowska K,Varma S,Moran J	2019			https://chemorigins.bact.wisc.edu/reactions/pbr-000017
pbr-000018	O=C(O)C(O)C(C(=O)O)C(=O)O>>O=C([O-])CC(O)C(=O)O.O=C=O	2-hydroxyethane-1,1,2-tricarboxylic acid	CO2 + (S)-Malate	C5H6O7	CO2 + C4H6O5	C(C(C(=O)O)O)(C(=O)O)C(=O)O	C(=O)=O + C(C(C(=O)O)O)C(=O)O	pbc-000017	70.0				Ferrous iron	10.1038/s41586-019-1151-1	Synthesis and breakdown of universal metabolic precursors promoted by iron	Muchowska K,Varma S,Moran J	2019			https://chemorigins.bact.wisc.edu/reactions/pbr-000018
pbr-000019	CC(=O)C(=O)[O-].O>>CC(=O)[O-].O=C=O	H2O + Pyruvate	CO2 + Acetate	H2O + C3H4O3	CO2 + C2H4O2	O + CC(=O)C(=O)O	C(=O)=O + CC(=O)O	pbc-000018	70.0				Ferrous iron	10.1038/s41586-019-1151-1	Synthesis and breakdown of universal metabolic precursors promoted by iron	Muchowska K,Varma S,Moran J	2019			https://chemorigins.bact.wisc.edu/reactions/pbr-000019
pbr-000020	O=CC(=O)[O-].O>>O=C[O-].O=C=O	H2O + Glyoxylate	CO2 + Formate	H2O + C2H2O3	CO2 + CH2O2	O + C(=O)C(=O)O	C(=O)=O + C(=O)O	pbc-000019	70.0				Ferrous iron	10.1038/s41586-019-1151-1	Synthesis and breakdown of universal metabolic precursors promoted by iron	Muchowska K,Varma S,Moran J	2019			https://chemorigins.bact.wisc.edu/reactions/pbr-000020
pbr-000021	O=CC(=O)[O-]>>O=C(O)CO	Glyoxylate	glycolic acid	C2H2O3	C2H4O3	C(=O)C(=O)O	C(C(=O)O)O	pbc-000276		1.0				10.1126/sciadv.abh3981	A cyanosulfidic origin of the Krebs cycle	Ritson D	2021	pbmdl-000003	Glycine-synthesis	https://chemorigins.bact.wisc.edu/reactions/pbr-000021
pbr-000021	O=CC(=O)[O-]>>O=C(O)CO	Glyoxylate	glycolic acid	C2H2O3	C2H4O3	C(=O)C(=O)O	C(C(=O)O)O	pbc-000020	70.0				Ferrous iron	10.1038/s41586-019-1151-1	Synthesis and breakdown of universal metabolic precursors promoted by iron	Muchowska K,Varma S,Moran J	2019	pbmdl-000003	Glycine-synthesis	https://chemorigins.bact.wisc.edu/reactions/pbr-000021
pbr-000022	O=CC(=O)[O-]>>O=C([O-])C(=O)[O-]	Glyoxylate	oxalic acid	C2H2O3	C2H2O4	C(=O)C(=O)O	C(=O)(C(=O)O)O	pbc-000022	70.0				Ferrous iron	10.1038/s41586-019-1151-1	Synthesis and breakdown of universal metabolic precursors promoted by iron	Muchowska K,Varma S,Moran J	2019			https://chemorigins.bact.wisc.edu/reactions/pbr-000022
pbr-000022	O=CC(=O)[O-]>>O=C([O-])C(=O)[O-]	Glyoxylate	oxalic acid	C2H2O3	C2H2O4	C(=O)C(=O)O	C(=O)(C(=O)O)O	pbc-000021	70.0				Ferrous iron	10.1038/s41586-019-1151-1	Synthesis and breakdown of universal metabolic precursors promoted by iron	Muchowska K,Varma S,Moran J	2019			https://chemorigins.bact.wisc.edu/reactions/pbr-000022
pbr-000023	O=C([O-])C(=O)[O-]>>O=C=O.O=C=O	oxalic acid	CO2	C2H2O4	CO2	C(=O)(C(=O)O)O	C(=O)=O	pbc-000023	70.0				Ferrous iron	10.1038/s41586-019-1151-1	Synthesis and breakdown of universal metabolic precursors promoted by iron	Muchowska K,Varma S,Moran J	2019			https://chemorigins.bact.wisc.edu/reactions/pbr-000023
pbr-000025	CC(=O)C(=O)[O-].NO>>CC(N)C(=O)O.O.O	hydroxylamine + Pyruvate	H2O + L-Alanine	H3NO + C3H4O3	H2O + C3H7NO2	NO + CC(=O)C(=O)O	O + CC(C(=O)O)N	pbc-000025	70.0				Elemental Iron; Ferrous iron	10.1038/s41586-019-1151-1	Synthesis and breakdown of universal metabolic precursors promoted by iron	Muchowska K,Varma S,Moran J	2019	pbmdl-000001	Alanine-synthesis	https://chemorigins.bact.wisc.edu/reactions/pbr-000025
pbr-000026	O=C(O)CCC(=O)C(=O)O.NO>>NC(CCC(=O)O)C(=O)O.O.O	hydroxylamine + 2-Oxoglutarate	H2O + L-Glutamate	H3NO + C5H6O5	H2O + C5H9NO4	NO + C(CC(=O)O)C(=O)C(=O)O	O + C(CC(=O)O)C(C(=O)O)N	pbc-000026	70.0				Elemental Iron; Ferrous iron	10.1038/s41586-019-1151-1	Synthesis and breakdown of universal metabolic precursors promoted by iron	Muchowska K,Varma S,Moran J	2019	pbmdl-000004	Glutamate-synthesis	https://chemorigins.bact.wisc.edu/reactions/pbr-000026
pbr-000027	O=CC(=O)[O-].NO>>NCC(=O)O.O.O	hydroxylamine + Glyoxylate	H2O + Glycine	H3NO + C2H2O3	H2O + C2H5NO2	NO + C(=O)C(=O)O	O + C(C(=O)O)N	pbc-000027	70.0				Elemental Iron; Ferrous iron	10.1038/s41586-019-1151-1	Synthesis and breakdown of universal metabolic precursors promoted by iron	Muchowska K,Varma S,Moran J	2019	pbmdl-000003	Glycine-synthesis	https://chemorigins.bact.wisc.edu/reactions/pbr-000027
pbr-000028	O=C(O)CC(=O)C(=O)O.NO>>NC(CC(=O)O)C(=O)O.O.O	hydroxylamine + Oxaloacetate	H2O + L-Aspartate	H3NO + C4H4O5	H2O + C4H7NO4	NO + C(C(=O)C(=O)O)C(=O)O	O + C(C(C(=O)O)N)C(=O)O	pbc-000028	70.0				Elemental Iron; Ferrous iron	10.1038/s41586-019-1151-1	Synthesis and breakdown of universal metabolic precursors promoted by iron	Muchowska K,Varma S,Moran J	2019			https://chemorigins.bact.wisc.edu/reactions/pbr-000028
pbr-000029	N.O=C[O-]>>NC=O.O	Formate + Ammonia	H2O + formamide	CH2O2 + H3N	H2O + CH3NO	C(=O)O + N	O + C(=O)N	pbc-000029						10.1038/nchem.2202	Common origins of RNA, protein and lipid precursors in a cyanosulfidic protometabolism	Patel B,Percivalle C,Ritson D,Duffy C,Sutherland J	2015			https://chemorigins.bact.wisc.edu/reactions/pbr-000029
pbr-000030	C#N.O>>NC=O	H2O + hydrogen cyanide	formamide	H2O + CHN	CH3NO	O + C#N	C(=O)N	pbc-000030						10.1038/nchem.2202	Common origins of RNA, protein and lipid precursors in a cyanosulfidic protometabolism	Patel B,Percivalle C,Ritson D,Duffy C,Sutherland J	2015			https://chemorigins.bact.wisc.edu/reactions/pbr-000030
pbr-000031	C#N.O.S.S>>C=O.N.SS	hydrogen sulfide + H2O + hydrogen cyanide	disulfane + Ammonia + Formaldehyde	H2S + H2O + CHN	H2S2 + H3N + CH2O	S + O + C#N	SS + N + C=O	pbc-000031					Sulfidic acid; Elemental cupper	10.1038/nchem.2202	Common origins of RNA, protein and lipid precursors in a cyanosulfidic protometabolism	Patel B,Percivalle C,Ritson D,Duffy C,Sutherland J	2015			https://chemorigins.bact.wisc.edu/reactions/pbr-000031
pbr-000032	C=O.C#N>>N#CCO	hydrogen cyanide + Formaldehyde	glycolonitrile	CHN + CH2O	C2H3NO	C#N + C=O	C(C#N)O	pbc-000355					Sodium; Chloride	10.1073/pnas.1922139117	A continuous reaction network that produces RNA precursors	Yi R,Tran Q,Ali S,Yoda I,Adam Z,Cleaves H,Fahrenbach A	2020			https://chemorigins.bact.wisc.edu/reactions/pbr-000032
pbr-000032	C=O.C#N>>N#CCO	hydrogen cyanide + Formaldehyde	glycolonitrile	CHN + CH2O	C2H3NO	C#N + C=O	C(C#N)O	pbc-000289					Ferrous sulifde	10.1038/s41467-018-04147-2	Mimicking the surface and prebiotic chemistry of early Earth using flow chemistry	Ritson D,Battilocchio C,Ley S,Sutherland J	2018			https://chemorigins.bact.wisc.edu/reactions/pbr-000032
pbr-000032	C=O.C#N>>N#CCO	hydrogen cyanide + Formaldehyde	glycolonitrile	CHN + CH2O	C2H3NO	C#N + C=O	C(C#N)O	pbc-000032						10.1038/nchem.2202	Common origins of RNA, protein and lipid precursors in a cyanosulfidic protometabolism	Patel B,Percivalle C,Ritson D,Duffy C,Sutherland J	2015			https://chemorigins.bact.wisc.edu/reactions/pbr-000032
pbr-000033	N#CCO.N>>N#CCN.O	Ammonia + glycolonitrile	H2O + aminoacetonitrile	H3N + C2H3NO	H2O + C2H4N2	N + C(C#N)O	O + C(C#N)N	pbc-000033						10.1038/nchem.2202	Common origins of RNA, protein and lipid precursors in a cyanosulfidic protometabolism	Patel B,Percivalle C,Ritson D,Duffy C,Sutherland J	2015			https://chemorigins.bact.wisc.edu/reactions/pbr-000033
pbr-000034	N#CCO.O>>O=CCO.N	H2O + glycolonitrile	Ammonia + Glycolaldehyde	H2O + C2H3NO	H3N + C2H4O2	O + C(C#N)O	N + C(C=O)O	pbc-000356					Sodium; Chloride	10.1073/pnas.1922139117	A continuous reaction network that produces RNA precursors	Yi R,Tran Q,Ali S,Yoda I,Adam Z,Cleaves H,Fahrenbach A	2020			https://chemorigins.bact.wisc.edu/reactions/pbr-000034
pbr-000034	N#CCO.O>>O=CCO.N	H2O + glycolonitrile	Ammonia + Glycolaldehyde	H2O + C2H3NO	H3N + C2H4O2	O + C(C#N)O	N + C(C=O)O	pbc-000290	100.0				Nickel cation; Ferrous iron	10.1038/s41467-018-04147-2	Mimicking the surface and prebiotic chemistry of early Earth using flow chemistry	Ritson D,Battilocchio C,Ley S,Sutherland J	2018			https://chemorigins.bact.wisc.edu/reactions/pbr-000034
pbr-000034	N#CCO.O>>O=CCO.N	H2O + glycolonitrile	Ammonia + Glycolaldehyde	H2O + C2H3NO	H3N + C2H4O2	O + C(C#N)O	N + C(C=O)O	pbc-000034						10.1038/nchem.2202	Common origins of RNA, protein and lipid precursors in a cyanosulfidic protometabolism	Patel B,Percivalle C,Ritson D,Duffy C,Sutherland J	2015			https://chemorigins.bact.wisc.edu/reactions/pbr-000034
pbr-000035	O=CCO.C#N>>N#CC(O)CO	hydrogen cyanide + Glycolaldehyde	2,3-dihydroxypropanenitrile	CHN + C2H4O2	C3H5NO2	C#N + C(C=O)O	C(C(C#N)O)O	pbc-000035						10.1038/nchem.2202	Common origins of RNA, protein and lipid precursors in a cyanosulfidic protometabolism	Patel B,Percivalle C,Ritson D,Duffy C,Sutherland J	2015			https://chemorigins.bact.wisc.edu/reactions/pbr-000035
pbr-000036	N#CC(O)CO.O.S.S>>O=CC(O)CO.N.SS	hydrogen sulfide + H2O + 2,3-dihydroxypropanenitrile	disulfane + Ammonia + glyceraldehyde	H2S + H2O + C3H5NO2	H2S2 + H3N + C3H6O3	S + O + C(C(C#N)O)O	SS + N + C(C(C=O)O)O	pbc-000036					Sulfidic acid; Elemental cupper	10.1038/nchem.2202	Common origins of RNA, protein and lipid precursors in a cyanosulfidic protometabolism	Patel B,Percivalle C,Ritson D,Duffy C,Sutherland J	2015			https://chemorigins.bact.wisc.edu/reactions/pbr-000036
pbr-000037	O=CCO>>CC=O.O	Glycolaldehyde	H2O + Acetaldehyde	C2H4O2	H2O + C2H4O	C(C=O)O	O + CC=O	pbc-000037						10.1038/nchem.2202	Common origins of RNA, protein and lipid precursors in a cyanosulfidic protometabolism	Patel B,Percivalle C,Ritson D,Duffy C,Sutherland J	2015			https://chemorigins.bact.wisc.edu/reactions/pbr-000037
pbr-000038	CC=O.C#N>>CC(O)C#N	hydrogen cyanide + Acetaldehyde	lactonitrile	CHN + C2H4O	C3H5NO	C#N + CC=O	CC(C#N)O	pbc-000058						10.1038/nchem.2202	Common origins of RNA, protein and lipid precursors in a cyanosulfidic protometabolism	Patel B,Percivalle C,Ritson D,Duffy C,Sutherland J	2015			https://chemorigins.bact.wisc.edu/reactions/pbr-000038
pbr-000038	CC=O.C#N>>CC(O)C#N	hydrogen cyanide + Acetaldehyde	lactonitrile	CHN + C2H4O	C3H5NO	C#N + CC=O	CC(C#N)O	pbc-000057						10.1038/nchem.2202	Common origins of RNA, protein and lipid precursors in a cyanosulfidic protometabolism	Patel B,Percivalle C,Ritson D,Duffy C,Sutherland J	2015			https://chemorigins.bact.wisc.edu/reactions/pbr-000038
pbr-000038	CC=O.C#N>>CC(O)C#N	hydrogen cyanide + Acetaldehyde	lactonitrile	CHN + C2H4O	C3H5NO	C#N + CC=O	CC(C#N)O	pbc-000056						10.1038/nchem.2202	Common origins of RNA, protein and lipid precursors in a cyanosulfidic protometabolism	Patel B,Percivalle C,Ritson D,Duffy C,Sutherland J	2015			https://chemorigins.bact.wisc.edu/reactions/pbr-000038
pbr-000038	CC=O.C#N>>CC(O)C#N	hydrogen cyanide + Acetaldehyde	lactonitrile	CHN + C2H4O	C3H5NO	C#N + CC=O	CC(C#N)O	pbc-000038						10.1038/nchem.2202	Common origins of RNA, protein and lipid precursors in a cyanosulfidic protometabolism	Patel B,Percivalle C,Ritson D,Duffy C,Sutherland J	2015			https://chemorigins.bact.wisc.edu/reactions/pbr-000038
pbr-000039	CC(O)C#N.N>>CC(N)C#N.O	Ammonia + lactonitrile	H2O + 2-aminopropanenitrile	H3N + C3H5NO	H2O + C3H6N2	N + CC(C#N)O	O + CC(C#N)N	pbc-000039						10.1038/nchem.2202	Common origins of RNA, protein and lipid precursors in a cyanosulfidic protometabolism	Patel B,Percivalle C,Ritson D,Duffy C,Sutherland J	2015			https://chemorigins.bact.wisc.edu/reactions/pbr-000039
pbr-000040	CC(O)C#N.O.S.S>>CC(O)C=O.N.SS	hydrogen sulfide + H2O + lactonitrile	disulfane + Ammonia + lactaldehyde	H2S + H2O + C3H5NO	H2S2 + H3N + C3H6O2	S + O + CC(C#N)O	SS + N + CC(C=O)O	pbc-000040					Sulfidic acid; Elemental cupper	10.1038/nchem.2202	Common origins of RNA, protein and lipid precursors in a cyanosulfidic protometabolism	Patel B,Percivalle C,Ritson D,Duffy C,Sutherland J	2015			https://chemorigins.bact.wisc.edu/reactions/pbr-000040
pbr-000041	CC(O)C=O.C#N>>CC(O)CC(O)C#N	hydrogen cyanide + lactaldehyde	pbm-000045	CHN + C3H6O2	C5H9NO2	C#N + CC(C=O)O	CC(O)CC(O)C#N	pbc-000041						10.1038/nchem.2202	Common origins of RNA, protein and lipid precursors in a cyanosulfidic protometabolism	Patel B,Percivalle C,Ritson D,Duffy C,Sutherland J	2015	pbmdl-000007	Threonine-synthesis	https://chemorigins.bact.wisc.edu/reactions/pbr-000041
pbr-000042	CC(O)CC(O)C#N.N>>CC(O)C(N)C#N.O	Ammonia + pbm-000045	H2O + 2-amino-3-hydroxybutanenitrile	H3N + C5H9NO2	H2O + C4H8N2O	N + CC(O)CC(O)C#N	O + CC(C(C#N)N)O	pbc-000042						10.1038/nchem.2202	Common origins of RNA, protein and lipid precursors in a cyanosulfidic protometabolism	Patel B,Percivalle C,Ritson D,Duffy C,Sutherland J	2015	pbmdl-000007	Threonine-synthesis	https://chemorigins.bact.wisc.edu/reactions/pbr-000042
pbr-000043	N#CN.O=CCO>>Nc1ncco1	Glycolaldehyde + cyanamide	1,3-oxazol-2-amine	C2H4O2 + CH2N2	C3H4N2O	C(C=O)O + C(#N)N	C1=COC(=N1)N	pbc-000294					Ca(OH)2	10.1038/s41467-018-04147-2	Mimicking the surface and prebiotic chemistry of early Earth using flow chemistry	Ritson D,Battilocchio C,Ley S,Sutherland J	2018	pbmdl-000010	Oxazole pathway	https://chemorigins.bact.wisc.edu/reactions/pbr-000043
pbr-000043	N#CN.O=CCO>>Nc1ncco1	Glycolaldehyde + cyanamide	1,3-oxazol-2-amine	C2H4O2 + CH2N2	C3H4N2O	C(C=O)O + C(#N)N	C1=COC(=N1)N	pbc-000228	60.0	3.0			Phosphate	10.1038/nature08013	Synthesis of activated pyrimidine ribonucleotides in prebiotically plausible conditions	Powner M,Gerland B,Sutherland J	2009	pbmdl-000010	Oxazole pathway	https://chemorigins.bact.wisc.edu/reactions/pbr-000043
pbr-000043	N#CN.O=CCO>>Nc1ncco1	Glycolaldehyde + cyanamide	1,3-oxazol-2-amine	C2H4O2 + CH2N2	C3H4N2O	C(C=O)O + C(#N)N	C1=COC(=N1)N	pbc-000223	40.0				Sodium hydroxyide	10.1055/s-1976-24127	An Improved Synthesis of 2-Amino-1,3-oxazoles under Basic Catalysis	COCKERILL A,DEACON A,HARRISON R,OSBORNE D,PRIME D,ROSS W,TODD A,VERGE J	1976	pbmdl-000010	Oxazole pathway	https://chemorigins.bact.wisc.edu/reactions/pbr-000043
pbr-000043	N#CN.O=CCO>>Nc1ncco1	Glycolaldehyde + cyanamide	1,3-oxazol-2-amine	C2H4O2 + CH2N2	C3H4N2O	C(C=O)O + C(#N)N	C1=COC(=N1)N	pbc-000044						10.1038/nchem.2202	Common origins of RNA, protein and lipid precursors in a cyanosulfidic protometabolism	Patel B,Percivalle C,Ritson D,Duffy C,Sutherland J	2015	pbmdl-000010	Oxazole pathway	https://chemorigins.bact.wisc.edu/reactions/pbr-000043
pbr-000043	N#CN.O=CCO>>Nc1ncco1	Glycolaldehyde + cyanamide	1,3-oxazol-2-amine	C2H4O2 + CH2N2	C3H4N2O	C(C=O)O + C(#N)N	C1=COC(=N1)N	pbc-000043						10.1038/nchem.2202	Common origins of RNA, protein and lipid precursors in a cyanosulfidic protometabolism	Patel B,Percivalle C,Ritson D,Duffy C,Sutherland J	2015	pbmdl-000010	Oxazole pathway	https://chemorigins.bact.wisc.edu/reactions/pbr-000043
pbr-000044	Nc1ncco1.O=CC(O)CO>>NC1=NC2OC(CO)C(O)C2O1	glyceraldehyde + 1,3-oxazol-2-amine	5-(hydroxymethyl)-2-iminohexahydrofuro(2,3-d)(1,3)oxazol-6-ol	C3H6O3 + C3H4N2O	C6H10N2O4	C(C(C=O)O)O + C1=COC(=N1)N	C(C1C(C2C(O1)N=C(O2)N)O)O	pbc-000229	40.0	1.0			Phosphate	10.1038/nature08013	Synthesis of activated pyrimidine ribonucleotides in prebiotically plausible conditions	Powner M,Gerland B,Sutherland J	2009	pbmdl-000010	Oxazole pathway	https://chemorigins.bact.wisc.edu/reactions/pbr-000044
pbr-000044	Nc1ncco1.O=CC(O)CO>>NC1=NC2OC(CO)C(O)C2O1	glyceraldehyde + 1,3-oxazol-2-amine	5-(hydroxymethyl)-2-iminohexahydrofuro(2,3-d)(1,3)oxazol-6-ol	C3H6O3 + C3H4N2O	C6H10N2O4	C(C(C=O)O)O + C1=COC(=N1)N	C(C1C(C2C(O1)N=C(O2)N)O)O	pbc-000045						10.1038/nchem.2202	Common origins of RNA, protein and lipid precursors in a cyanosulfidic protometabolism	Patel B,Percivalle C,Ritson D,Duffy C,Sutherland J	2015	pbmdl-000010	Oxazole pathway	https://chemorigins.bact.wisc.edu/reactions/pbr-000044
pbr-000045	N#CN.O>>NC(N)=O	H2O + cyanamide	Urea	H2O + CH2N2	CH4N2O	O + C(#N)N	C(=O)(N)N	pbc-000046						10.1038/nchem.2202	Common origins of RNA, protein and lipid precursors in a cyanosulfidic protometabolism	Patel B,Percivalle C,Ritson D,Duffy C,Sutherland J	2015			https://chemorigins.bact.wisc.edu/reactions/pbr-000045
pbr-000046	NC1=NC2OC(CO)C(O)C2O1.C#CC#N>>C1=CN2=C(N=C1N)OC3C2OC(C3O)CO	cyanoacetylene + 5-(hydroxymethyl)-2-iminohexahydrofuro(2,3-d)(1,3)oxazol-6-ol	pbm-000052	C3HN + C6H10N2O4		C#CC#N + C(C1C(C2C(O1)N=C(O2)N)O)O	NC1=NC2=N(C=C1)C1OC(CO)C(O)C1O2	pbc-000047					Phosphate	10.1038/nchem.2202	Common origins of RNA, protein and lipid precursors in a cyanosulfidic protometabolism	Patel B,Percivalle C,Ritson D,Duffy C,Sutherland J	2015	pbmdl-000010	Oxazole pathway	https://chemorigins.bact.wisc.edu/reactions/pbr-000046
pbr-000048	Nc1ccn(C2OC(CO)C3OP(=O)([O-])OC32)c(=O)n1.O>>O=c1ccn([C]2O[C](CO)[C]3OP(=O)([O-])O[C]32)c(=O)[nH]1.N	H2O + 4-amino-1-[2-hydroxy-6-(hydroxymethyl)-2-oxidotetrahydrofuro[3,4-d][1,3,2]dioxaphosphol-4-yl]pyrimidin-2(1h)-one	Ammonia + 4-hydroxy-1-[2-hydroxy-6-(hydroxymethyl)-2-oxotetrahydro-2h-2lambda~5~-furo[3,4-d][1,3,2]dioxaphosphol-4-yl]pyrimidin-2(1h)-one	H2O + C9H12N3O7P	H3N + C9H11N2O8P	O + C1=CN(C(=O)N=C1N)C2C3C(C(O2)CO)OP(=O)(O3)O	N + C1=CN(C(=O)NC1=O)C2C3C(C(O2)CO)OP(=O)(O3)O	pbc-000049						10.1038/nchem.2202	Common origins of RNA, protein and lipid precursors in a cyanosulfidic protometabolism	Patel B,Percivalle C,Ritson D,Duffy C,Sutherland J	2015			https://chemorigins.bact.wisc.edu/reactions/pbr-000048
pbr-000049	O=CC(O)CO>>O=C(CO)CO	glyceraldehyde	dihydroxyacetone	C3H6O3	C3H6O3	C(C(C=O)O)O	C(C(=O)CO)O	pbc-000050					Phosphate	10.1038/nchem.2202	Common origins of RNA, protein and lipid precursors in a cyanosulfidic protometabolism	Patel B,Percivalle C,Ritson D,Duffy C,Sutherland J	2015			https://chemorigins.bact.wisc.edu/reactions/pbr-000049
pbr-000055	CC(C)=O.C#N>>CC(C)(O)C#N	hydrogen cyanide + acetone	acetone cyanohydrin	CHN + C3H6O	C4H7NO	C#N + CC(=O)C	CC(C)(C#N)O	pbc-000059						10.1038/nchem.2202	Common origins of RNA, protein and lipid precursors in a cyanosulfidic protometabolism	Patel B,Percivalle C,Ritson D,Duffy C,Sutherland J	2015	pbmdl-000008	Valine-synthesis	https://chemorigins.bact.wisc.edu/reactions/pbr-000055
pbr-000056	CC(C)(O)C#N.S>>CC(C)(O)C(N)=S	hydrogen sulfide + acetone cyanohydrin	2-hydroxy-2-methylpropanethioamide	H2S + C4H7NO	C4H9NOS	S + CC(C)(C#N)O	CC(C)(C(=S)N)O	pbc-000060						10.1038/nchem.2202	Common origins of RNA, protein and lipid precursors in a cyanosulfidic protometabolism	Patel B,Percivalle C,Ritson D,Duffy C,Sutherland J	2015	pbmdl-000008	Valine-synthesis	https://chemorigins.bact.wisc.edu/reactions/pbr-000056
pbr-000057	CC(C)(O)C(N)=S.C#N.S.S.O>>CC(C)C(O)C#N.SS.SS.S	H2O + hydrogen sulfide + hydrogen cyanide + 2-hydroxy-2-methylpropanethioamide	hydrogen sulfide + disulfane + 2-hydroxy-3-methylbutanenitrile	H2O + H2S + CHN + C4H9NOS	H2S + H2S2 + C5H9NO	O + S + C#N + CC(C)(C(=S)N)O	S + SS + CC(C)C(C#N)O	pbc-000061					Sulfidic acid; Elemental cupper	10.1038/nchem.2202	Common origins of RNA, protein and lipid precursors in a cyanosulfidic protometabolism	Patel B,Percivalle C,Ritson D,Duffy C,Sutherland J	2015	pbmdl-000008	Valine-synthesis	https://chemorigins.bact.wisc.edu/reactions/pbr-000057
pbr-000058	CC(C)C(O)C#N.N>>CC(C)C(N)C#N.O	Ammonia + 2-hydroxy-3-methylbutanenitrile	H2O + 2-amino-3-methylbutanenitrile	H3N + C5H9NO	H2O + C5H10N2	N + CC(C)C(C#N)O	O + CC(C)C(C#N)N	pbc-000062						10.1038/nchem.2202	Common origins of RNA, protein and lipid precursors in a cyanosulfidic protometabolism	Patel B,Percivalle C,Ritson D,Duffy C,Sutherland J	2015	pbmdl-000008	Valine-synthesis	https://chemorigins.bact.wisc.edu/reactions/pbr-000058
pbr-000060	CC(C)CC(N)=S.O.C#N>>CC(C)CC(O)C#N	hydrogen cyanide + H2O + 3-methylbutanethioamide	2-hydroxy-4-methylpentanenitrile	CHN + H2O + C5H11NS	C6H11NO	C#N + O + CC(C)CC(=S)N	CC(C)CC(C#N)O	pbc-000064						10.1038/nchem.2202	Common origins of RNA, protein and lipid precursors in a cyanosulfidic protometabolism	Patel B,Percivalle C,Ritson D,Duffy C,Sutherland J	2015			https://chemorigins.bact.wisc.edu/reactions/pbr-000060
pbr-000061	CC(C)CC(N)=S.N>>CC(C)CC(O)C#N.N	Ammonia + 3-methylbutanethioamide	Ammonia + 2-hydroxy-4-methylpentanenitrile	H3N + C5H11NS	H3N + C6H11NO	N + CC(C)CC(=S)N	N + CC(C)CC(C#N)O	pbc-000065						10.1038/nchem.2202	Common origins of RNA, protein and lipid precursors in a cyanosulfidic protometabolism	Patel B,Percivalle C,Ritson D,Duffy C,Sutherland J	2015			https://chemorigins.bact.wisc.edu/reactions/pbr-000061
pbr-000062	C#N.C#C>>C=CC#N	acetylene + hydrogen cyanide	acrylonitrile	C2H2 + CHN	C3H3N	C#C + C#N	C=CC#N	pbc-000066						10.1038/nchem.2202	Common origins of RNA, protein and lipid precursors in a cyanosulfidic protometabolism	Patel B,Percivalle C,Ritson D,Duffy C,Sutherland J	2015	pbmdl-000006	Arginine-synthesis	https://chemorigins.bact.wisc.edu/reactions/pbr-000062
pbr-000063	C=CC#N.N>>N#CCCN	Ammonia + acrylonitrile	3-aminopropanenitrile	H3N + C3H3N	C3H6N2	N + C=CC#N	C(CN)C#N	pbc-000067						10.1038/nchem.2202	Common origins of RNA, protein and lipid precursors in a cyanosulfidic protometabolism	Patel B,Percivalle C,Ritson D,Duffy C,Sutherland J	2015	pbmdl-000006	Arginine-synthesis	https://chemorigins.bact.wisc.edu/reactions/pbr-000063
pbr-000064	N#CCCN.N#CN>>N#CCCNC(=N)N	cyanamide + 3-aminopropanenitrile	2-(2-cyanoethyl)guanidine	CH2N2 + C3H6N2	C4H8N4	C(#N)N + C(CN)C#N	C(CN=C(N)N)C#N	pbc-000068						10.1038/nchem.2202	Common origins of RNA, protein and lipid precursors in a cyanosulfidic protometabolism	Patel B,Percivalle C,Ritson D,Duffy C,Sutherland J	2015	pbmdl-000006	Arginine-synthesis	https://chemorigins.bact.wisc.edu/reactions/pbr-000064
pbr-000068	NC1=NCCC(O)N1.C#N>>N#CC(O)CCNC(=N)N	hydrogen cyanide + 4-hydroxy-2-imino-hexahydropyrimidine	amino((3-cyano-3-hydroxypropyl)amino)methaniminium	CHN + C4H9N3O	C5H10N4O	C#N + C1CN=C(NC1O)N	C(CN=C(N)N)C(C#N)O	pbc-000072						10.1038/nchem.2202	Common origins of RNA, protein and lipid precursors in a cyanosulfidic protometabolism	Patel B,Percivalle C,Ritson D,Duffy C,Sutherland J	2015	pbmdl-000006	Arginine-synthesis	https://chemorigins.bact.wisc.edu/reactions/pbr-000068
pbr-000069	N#CC(O)CCNC(=N)N.S>>N=C(N)NCCC(O)C(N)=S	hydrogen sulfide + amino((3-cyano-3-hydroxypropyl)amino)methaniminium	4-(diaminomethylideneamino)-2-hydroxybutanethioamide	H2S + C5H10N4O	C5H12N4OS	S + C(CN=C(N)N)C(C#N)O	C(CN=C(N)N)C(C(=S)N)O	pbc-000073						10.1038/nchem.2202	Common origins of RNA, protein and lipid precursors in a cyanosulfidic protometabolism	Patel B,Percivalle C,Ritson D,Duffy C,Sutherland J	2015	pbmdl-000006	Arginine-synthesis	https://chemorigins.bact.wisc.edu/reactions/pbr-000069
pbr-000072	N#CC(O)CCCNC(=N)N.N>>N#CC(N)CCCNC(=N)N	Ammonia + 2-(4-cyano-4-hydroxybutyl)guanidine	2-(4-amino-4-cyanobutyl)guanidine	H3N + C6H12N4O	C6H13N5	N + C(CC(C#N)O)CN=C(N)N	C(CC(C#N)N)CN=C(N)N	pbc-000076						10.1038/nchem.2202	Common origins of RNA, protein and lipid precursors in a cyanosulfidic protometabolism	Patel B,Percivalle C,Ritson D,Duffy C,Sutherland J	2015	pbmdl-000006	Arginine-synthesis	https://chemorigins.bact.wisc.edu/reactions/pbr-000072
pbr-000073	NCCC=O.C#N>>N#CC(O)CCN	hydrogen cyanide + 3-aminopropanal	4-amino-2-hydroxybutanenitrile	CHN + C3H7NO	C4H8N2O	C#N + C(CN)C=O	C(CN)C(C#N)O	pbc-000078						10.1038/nchem.2202	Common origins of RNA, protein and lipid precursors in a cyanosulfidic protometabolism	Patel B,Percivalle C,Ritson D,Duffy C,Sutherland J	2015	pbmdl-000005	Glutamate-synthesis	https://chemorigins.bact.wisc.edu/reactions/pbr-000073
pbr-000073	NCCC=O.C#N>>N#CC(O)CCN	hydrogen cyanide + 3-aminopropanal	4-amino-2-hydroxybutanenitrile	CHN + C3H7NO	C4H8N2O	C#N + C(CN)C=O	C(CN)C(C#N)O	pbc-000077						10.1038/nchem.2202	Common origins of RNA, protein and lipid precursors in a cyanosulfidic protometabolism	Patel B,Percivalle C,Ritson D,Duffy C,Sutherland J	2015	pbmdl-000005	Glutamate-synthesis	https://chemorigins.bact.wisc.edu/reactions/pbr-000073
pbr-000074	N#CC(O)CCN.S>>NCCC(O)C(N)=S	hydrogen sulfide + 4-amino-2-hydroxybutanenitrile	4-amino-2-hydroxybutanethioamide	H2S + C4H8N2O	C4H10N2OS	S + C(CN)C(C#N)O	C(CN)C(C(=S)N)O	pbc-000079						10.1038/nchem.2202	Common origins of RNA, protein and lipid precursors in a cyanosulfidic protometabolism	Patel B,Percivalle C,Ritson D,Duffy C,Sutherland J	2015			https://chemorigins.bact.wisc.edu/reactions/pbr-000074
pbr-000075	N#CC(O)CCN.S>>OC1CCNC1=S.N	hydrogen sulfide + 4-amino-2-hydroxybutanenitrile	Ammonia + 3-hydroxypyrrolidine-2-thione	H2S + C4H8N2O	H3N + C4H7NOS	S + C(CN)C(C#N)O	N + C1CNC(=S)C1O	pbc-000080						10.1038/nchem.2202	Common origins of RNA, protein and lipid precursors in a cyanosulfidic protometabolism	Patel B,Percivalle C,Ritson D,Duffy C,Sutherland J	2015	pbmdl-000005	Glutamate-synthesis	https://chemorigins.bact.wisc.edu/reactions/pbr-000075
pbr-000077	S=C1CCCN1.C#N>>N#CC1CCCN1.S	hydrogen cyanide + pyrrolidine-2-thione	hydrogen sulfide + pyrrolidine-2-carbonitrile	CHN + C4H7NS	H2S + C5H8N2	C#N + C1CC(=S)NC1	S + C1CC(NC1)C#N	pbc-000082						10.1038/nchem.2202	Common origins of RNA, protein and lipid precursors in a cyanosulfidic protometabolism	Patel B,Percivalle C,Ritson D,Duffy C,Sutherland J	2015	pbmdl-000005	Glutamate-synthesis	https://chemorigins.bact.wisc.edu/reactions/pbr-000077
pbr-000078	C#N.C#C>>C#CC#N	acetylene + hydrogen cyanide	cyanoacetylene	C2H2 + CHN	C3HN	C#C + C#N	C#CC#N	pbc-000083						10.1038/nchem.2202	Common origins of RNA, protein and lipid precursors in a cyanosulfidic protometabolism	Patel B,Percivalle C,Ritson D,Duffy C,Sutherland J	2015	pbmdl-000010	Oxazole pathway	https://chemorigins.bact.wisc.edu/reactions/pbr-000078
pbr-000079	C#CC#N.C#N>>N#CC=CC#N	hydrogen cyanide + cyanoacetylene	but-2-enedinitrile	CHN + C3HN	C4H2N2	C#N + C#CC#N	C(=CC#N)C#N	pbc-000084						10.1038/nchem.2202	Common origins of RNA, protein and lipid precursors in a cyanosulfidic protometabolism	Patel B,Percivalle C,Ritson D,Duffy C,Sutherland J	2015			https://chemorigins.bact.wisc.edu/reactions/pbr-000079
pbr-000080	C#CC#N.C#N>>N#CCC(O)C#N	hydrogen cyanide + cyanoacetylene	malonitrile	CHN + C3HN	C4H4N2O	C#N + C#CC#N	C(C#N)C(C#N)O	pbc-000085						10.1038/nchem.2202	Common origins of RNA, protein and lipid precursors in a cyanosulfidic protometabolism	Patel B,Percivalle C,Ritson D,Duffy C,Sutherland J	2015			https://chemorigins.bact.wisc.edu/reactions/pbr-000080
pbr-000081	C#CC#N.C#N.O>>N#CCC(O)C#N	H2O + hydrogen cyanide + cyanoacetylene	malonitrile	H2O + CHN + C3HN	C4H4N2O	O + C#N + C#CC#N	C(C#N)C(C#N)O	pbc-000086						10.1038/nchem.2202	Common origins of RNA, protein and lipid precursors in a cyanosulfidic protometabolism	Patel B,Percivalle C,Ritson D,Duffy C,Sutherland J	2015			https://chemorigins.bact.wisc.edu/reactions/pbr-000081
pbr-000082	N#CC=CC#N.S.S>>N#CCCC#N.SS	hydrogen sulfide + but-2-enedinitrile	disulfane + succinonitrile	H2S + C4H2N2	H2S2 + C4H4N2	S + C(=CC#N)C#N	SS + C(CC#N)C#N	pbc-000087						10.1038/nchem.2202	Common origins of RNA, protein and lipid precursors in a cyanosulfidic protometabolism	Patel B,Percivalle C,Ritson D,Duffy C,Sutherland J	2015			https://chemorigins.bact.wisc.edu/reactions/pbr-000082
pbr-000083	N#CCCC#N.O>>N#CCCC=O.N	H2O + succinonitrile	Ammonia + 4-oxobutanenitrile	H2O + C4H4N2	H3N + C4H5NO	O + C(CC#N)C#N	N + C(CC#N)C=O	pbc-000088						10.1038/nchem.2202	Common origins of RNA, protein and lipid precursors in a cyanosulfidic protometabolism	Patel B,Percivalle C,Ritson D,Duffy C,Sutherland J	2015			https://chemorigins.bact.wisc.edu/reactions/pbr-000083
pbr-000084	N#CCCC=O.C#N>>N#CCCCC(O)C#N	hydrogen cyanide + 4-oxobutanenitrile	2-hydroxyadiponitrile	CHN + C4H5NO	C6H8N2O	C#N + C(CC#N)C=O	C(CC#N)CC(C#N)O	pbc-000089						10.1038/nchem.2202	Common origins of RNA, protein and lipid precursors in a cyanosulfidic protometabolism	Patel B,Percivalle C,Ritson D,Duffy C,Sutherland J	2015			https://chemorigins.bact.wisc.edu/reactions/pbr-000084
pbr-000085	N#CCCC(O)C#N.N>>N#CCCC(N)C#N	Ammonia + 2-hydroxypentanedinitrile	2-aminopentanedinitrile	H3N + C5H6N2O	C5H7N3	N + C(CC(C#N)O)C#N	C(CC(C#N)N)C#N	pbc-000090						10.1038/nchem.2202	Common origins of RNA, protein and lipid precursors in a cyanosulfidic protometabolism	Patel B,Percivalle C,Ritson D,Duffy C,Sutherland J	2015	pbmdl-000004	Glutamate-synthesis	https://chemorigins.bact.wisc.edu/reactions/pbr-000085
pbr-000086	N#CCN.O.O>>N.NCC(=O)O	H2O + aminoacetonitrile	Glycine + Ammonia	H2O + C2H4N2	C2H5NO2 + H3N	O + C(C#N)N	C(C(=O)O)N + N	pbc-000091						10.1038/nchem.2202	Common origins of RNA, protein and lipid precursors in a cyanosulfidic protometabolism	Patel B,Percivalle C,Ritson D,Duffy C,Sutherland J	2015	pbmdl-000003	Glycine-synthesis	https://chemorigins.bact.wisc.edu/reactions/pbr-000086
pbr-000087	CC(N)C#N.O.O>>CC(N)C(=O)O.N	H2O + 2-aminopropanenitrile	Ammonia + L-Alanine	H2O + C3H6N2	H3N + C3H7NO2	O + CC(C#N)N	N + CC(C(=O)O)N	pbc-000092						10.1038/nchem.2202	Common origins of RNA, protein and lipid precursors in a cyanosulfidic protometabolism	Patel B,Percivalle C,Ritson D,Duffy C,Sutherland J	2015	pbmdl-000001	Alanine-synthesis	https://chemorigins.bact.wisc.edu/reactions/pbr-000087
pbr-000088	N#CC(N)CO.O.O>>N.NC(CO)C(=O)O	H2O + 2-amino-3-hydroxypropanenitrile	L-Serine + Ammonia	H2O + C3H6N2O	C3H7NO3 + H3N	O + C(C(C#N)N)O	C(C(C(=O)O)N)O + N	pbc-000093						10.1038/nchem.2202	Common origins of RNA, protein and lipid precursors in a cyanosulfidic protometabolism	Patel B,Percivalle C,Ritson D,Duffy C,Sutherland J	2015	pbmdl-000002	Serine-synthesis	https://chemorigins.bact.wisc.edu/reactions/pbr-000088
pbr-000089	CC(O)C(N)C#N.O.O>>CC(O)C(N)C(=O)O.N	H2O + 2-amino-3-hydroxybutanenitrile	Ammonia + L-Threonine	H2O + C4H8N2O	H3N + C4H9NO3	O + CC(C(C#N)N)O	N + CC(C(C(=O)O)N)O	pbc-000094						10.1038/nchem.2202	Common origins of RNA, protein and lipid precursors in a cyanosulfidic protometabolism	Patel B,Percivalle C,Ritson D,Duffy C,Sutherland J	2015	pbmdl-000007	Threonine-synthesis	https://chemorigins.bact.wisc.edu/reactions/pbr-000089
pbr-000090	CC(C)C(N)C#N.O.O>>CC(C)C(N)C(=O)O.N	H2O + 2-amino-3-methylbutanenitrile	Ammonia + L-Valine	H2O + C5H10N2	H3N + C5H11NO2	O + CC(C)C(C#N)N	N + CC(C)C(C(=O)O)N	pbc-000095						10.1038/nchem.2202	Common origins of RNA, protein and lipid precursors in a cyanosulfidic protometabolism	Patel B,Percivalle C,Ritson D,Duffy C,Sutherland J	2015	pbmdl-000008	Valine-synthesis	https://chemorigins.bact.wisc.edu/reactions/pbr-000090
pbr-000091	CC(C)CC(N)C#N.O.O>>CC(C)C(N)C(=O)O.N	H2O + 2-amino-4-methylpentanenitrile	Ammonia + L-Valine	H2O + C6H12N2	H3N + C5H11NO2	O + CC(C)CC(C#N)N	N + CC(C)C(C(=O)O)N	pbc-000096						10.1038/nchem.2202	Common origins of RNA, protein and lipid precursors in a cyanosulfidic protometabolism	Patel B,Percivalle C,Ritson D,Duffy C,Sutherland J	2015	pbmdl-000008	Valine-synthesis	https://chemorigins.bact.wisc.edu/reactions/pbr-000091
pbr-000092	N#CC(N)CCCNC(=N)N.O.O>>N.N=C(N)NCCCC(N)C(=O)O	H2O + 2-(4-amino-4-cyanobutyl)guanidine	L-Arginine + Ammonia	H2O + C6H13N5	C6H14N4O2 + H3N	O + C(CC(C#N)N)CN=C(N)N	C(CC(C(=O)O)N)CN=C(N)N + N	pbc-000097						10.1038/nchem.2202	Common origins of RNA, protein and lipid precursors in a cyanosulfidic protometabolism	Patel B,Percivalle C,Ritson D,Duffy C,Sutherland J	2015	pbmdl-000006	Arginine-synthesis	https://chemorigins.bact.wisc.edu/reactions/pbr-000092
pbr-000093	N#CCC(N)C#N.O.O.O.O>>N.NC(CC(=O)O)C(=O)O	H2O + 2-aminosuccinonitrile	L-Aspartate + Ammonia	H2O + C4H5N3	C4H7NO4 + H3N	O + C(C#N)C(C#N)N	C(C(C(=O)O)N)C(=O)O + N	pbc-000098						10.1038/nchem.2202	Common origins of RNA, protein and lipid precursors in a cyanosulfidic protometabolism	Patel B,Percivalle C,Ritson D,Duffy C,Sutherland J	2015			https://chemorigins.bact.wisc.edu/reactions/pbr-000093
pbr-000094	N#CCCC(N)C#N.O.O.O.O>>N.NC(CCC(=O)O)C(=O)O	H2O + 2-aminopentanedinitrile	L-Glutamate + Ammonia	H2O + C5H7N3	C5H9NO4 + H3N	O + C(CC(C#N)N)C#N	C(CC(=O)O)C(C(=O)O)N + N	pbc-000099						10.1038/nchem.2202	Common origins of RNA, protein and lipid precursors in a cyanosulfidic protometabolism	Patel B,Percivalle C,Ritson D,Duffy C,Sutherland J	2015	pbmdl-000004	Glutamate-synthesis	https://chemorigins.bact.wisc.edu/reactions/pbr-000094
pbr-000095	N.NC(CCC(=O)O)C(=O)O>>NC(=O)CCC(N)C(=O)O.O	L-Glutamate + Ammonia	H2O + L-Glutamine	C5H9NO4 + H3N	H2O + C5H10N2O3	C(CC(=O)O)C(C(=O)O)N + N	O + C(CC(=O)N)C(C(=O)O)N	pbc-000100						10.1038/nchem.2202	Common origins of RNA, protein and lipid precursors in a cyanosulfidic protometabolism	Patel B,Percivalle C,Ritson D,Duffy C,Sutherland J	2015			https://chemorigins.bact.wisc.edu/reactions/pbr-000095
pbr-000096	N.NC(CC(=O)O)C(=O)O>>NC(=O)CC(N)C(=O)O.O	L-Aspartate + Ammonia	H2O + L-Asparagine	C4H7NO4 + H3N	H2O + C4H8N2O3	C(C(C(=O)O)N)C(=O)O + N	O + C(C(C(=O)O)N)C(=O)N	pbc-000101						10.1038/nchem.2202	Common origins of RNA, protein and lipid precursors in a cyanosulfidic protometabolism	Patel B,Percivalle C,Ritson D,Duffy C,Sutherland J	2015			https://chemorigins.bact.wisc.edu/reactions/pbr-000096
pbr-000097	N#CC1CCCN1.O.O>>N.O=C(O)C1CCCN1	H2O + pyrrolidine-2-carbonitrile	L-Proline + Ammonia	H2O + C5H8N2	C5H9NO2 + H3N	O + C1CC(NC1)C#N	C1CC(NC1)C(=O)O + N	pbc-000102						10.1038/nchem.2202	Common origins of RNA, protein and lipid precursors in a cyanosulfidic protometabolism	Patel B,Percivalle C,Ritson D,Duffy C,Sutherland J	2015	pbmdl-000005	Glutamate-synthesis	https://chemorigins.bact.wisc.edu/reactions/pbr-000097
pbr-000098	O=C([O-])O.O=S([O-])[O-]>>O=[C][O-].[O]S(=O)[O-]	Sulfite + carbonic acid	Sulfite + Formate	H2O3S + CH2O3	H2O3S + CH2O2	OS(=O)O + C(=O)(O)O	OS(=O)O + C(=O)O	pbc-000103					Ultraviolet radiation	10.1038/s41557-021-00789-w	Prebiotic photoredox synthesis from carbon dioxide and sulfite	Liu Z,Wu L,Kufner C,Sasselov D,Fischer W,Sutherland J	2021			https://chemorigins.bact.wisc.edu/reactions/pbr-000098
pbr-000099	O=[C][O-].O=S([O-])O>>O=C[O-]	Sulfite + Formate	Formate	H2O3S + CH2O2	CH2O2	OS(=O)O + C(=O)O	C(=O)O	pbc-000104					Ultraviolet radiation	10.1038/s41557-021-00789-w	Prebiotic photoredox synthesis from carbon dioxide and sulfite	Liu Z,Wu L,Kufner C,Sasselov D,Fischer W,Sutherland J	2021			https://chemorigins.bact.wisc.edu/reactions/pbr-000099
pbr-000100	O=C[O-]>>[O-]CO	Formate	methanediol	CH2O2	CH4O2	C(=O)O	C(O)O	pbc-000105					Ultraviolet radiation	10.1038/s41557-021-00789-w	Prebiotic photoredox synthesis from carbon dioxide and sulfite	Liu Z,Wu L,Kufner C,Sasselov D,Fischer W,Sutherland J	2021	pbmdl-000009	C3-synth	https://chemorigins.bact.wisc.edu/reactions/pbr-000100
pbr-000101	OCO>>O.C=O	methanediol	Formaldehyde + H2O	CH4O2	CH2O + H2O	C(O)O	C=O + O	pbc-000106					Ultraviolet radiation	10.1038/s41557-021-00789-w	Prebiotic photoredox synthesis from carbon dioxide and sulfite	Liu Z,Wu L,Kufner C,Sasselov D,Fischer W,Sutherland J	2021	pbmdl-000009	C3-synth	https://chemorigins.bact.wisc.edu/reactions/pbr-000101
pbr-000102	C=O.O=S([O-])O>>O=S(=O)([O-])CO	Sulfite + Formaldehyde	hydroxymethanesulfonic acid	H2O3S + CH2O	CH4O4S	OS(=O)O + C=O	C(O)S(=O)(=O)O	pbc-000107					Ultraviolet radiation	10.1038/s41557-021-00789-w	Prebiotic photoredox synthesis from carbon dioxide and sulfite	Liu Z,Wu L,Kufner C,Sasselov D,Fischer W,Sutherland J	2021			https://chemorigins.bact.wisc.edu/reactions/pbr-000102
pbr-000103	O=[C][O-].O=[C][O-]>>O=C([O-])C(=O)[O-]	Formate	oxalic acid	CH2O2	C2H2O4	C(=O)O	C(=O)(C(=O)O)O	pbc-000108					Ultraviolet radiation	10.1038/s41557-021-00789-w	Prebiotic photoredox synthesis from carbon dioxide and sulfite	Liu Z,Wu L,Kufner C,Sasselov D,Fischer W,Sutherland J	2021	pbmdl-000009	C3-synth	https://chemorigins.bact.wisc.edu/reactions/pbr-000103
pbr-000104	O=C([O-])C(O)O>>O=CC(=O)[O-].O	2,2-dihydroxyacetic acid	H2O + Glyoxylate	C2H4O4	H2O + C2H2O3	C(C(=O)O)(O)O	O + C(=O)C(=O)O	pbc-000109					Ultraviolet radiation	10.1038/s41557-021-00789-w	Prebiotic photoredox synthesis from carbon dioxide and sulfite	Liu Z,Wu L,Kufner C,Sasselov D,Fischer W,Sutherland J	2021	pbmdl-000003	Glycine-synthesis	https://chemorigins.bact.wisc.edu/reactions/pbr-000104
pbr-000105	C=O>>[CH2]O	Formaldehyde	Methanol	CH2O	CH4O	C=O	CO	pbc-000110					Ultraviolet radiation	10.1038/s41557-021-00789-w	Prebiotic photoredox synthesis from carbon dioxide and sulfite	Liu Z,Wu L,Kufner C,Sasselov D,Fischer W,Sutherland J	2021	pbmdl-000009	C3-synth	https://chemorigins.bact.wisc.edu/reactions/pbr-000105
pbr-000106	[CH2]O.O=[C][O-]>>O=C([O-])CO	Formate + Methanol	glycolic acid	CH2O2 + CH4O	C2H4O3	C(=O)O + CO	C(C(=O)O)O	pbc-000111		4.0				10.1038/s41557-021-00789-w	Prebiotic photoredox synthesis from carbon dioxide and sulfite	Liu Z,Wu L,Kufner C,Sasselov D,Fischer W,Sutherland J	2021			https://chemorigins.bact.wisc.edu/reactions/pbr-000106
pbr-000107	[CH2]O.[CH2]O>>OCCO	Methanol	ethylene glycol	CH4O	C2H6O2	CO	C(CO)O	pbc-000112		4.0			Ultraviolet radiation	10.1038/s41557-021-00789-w	Prebiotic photoredox synthesis from carbon dioxide and sulfite	Liu Z,Wu L,Kufner C,Sasselov D,Fischer W,Sutherland J	2021			https://chemorigins.bact.wisc.edu/reactions/pbr-000107
pbr-000108	OCCO>>O[CH]CO	ethylene glycol	ethylene glycol	C2H6O2	C2H6O2	C(CO)O	C(CO)O	pbc-000113		4.0			Bisulfite	10.1038/s41557-021-00789-w	Prebiotic photoredox synthesis from carbon dioxide and sulfite	Liu Z,Wu L,Kufner C,Sasselov D,Fischer W,Sutherland J	2021			https://chemorigins.bact.wisc.edu/reactions/pbr-000108
pbr-000109	O[CH]CO>>C=C[O].O	ethylene glycol	H2O + vinyl alcohol	C2H6O2	H2O + C2H4O	C(CO)O	O + C=CO	pbc-000114		4.0			Ultraviolet radiation	10.1038/s41557-021-00789-w	Prebiotic photoredox synthesis from carbon dioxide and sulfite	Liu Z,Wu L,Kufner C,Sasselov D,Fischer W,Sutherland J	2021			https://chemorigins.bact.wisc.edu/reactions/pbr-000109
pbr-000110	C=C[O]>>CC=O	vinyl alcohol	Acetaldehyde	C2H4O	C2H4O	C=CO	CC=O	pbc-000115		4.0			Bisulfite	10.1038/s41557-021-00789-w	Prebiotic photoredox synthesis from carbon dioxide and sulfite	Liu Z,Wu L,Kufner C,Sasselov D,Fischer W,Sutherland J	2021			https://chemorigins.bact.wisc.edu/reactions/pbr-000110
pbr-000111	CC=O>>CCO	Acetaldehyde	ethanol	C2H4O	C2H6O	CC=O	CCO	pbc-000116		4.0				10.1038/s41557-021-00789-w	Prebiotic photoredox synthesis from carbon dioxide and sulfite	Liu Z,Wu L,Kufner C,Sasselov D,Fischer W,Sutherland J	2021			https://chemorigins.bact.wisc.edu/reactions/pbr-000111
pbr-000112	O=C([O-])CO>>[OH].[CH2]C(=O)[O-]	glycolic acid	Acetate + H2O	C2H4O3	C2H4O2 + H2O	C(C(=O)O)O	CC(=O)O + O	pbc-000117		4.0				10.1038/s41557-021-00789-w	Prebiotic photoredox synthesis from carbon dioxide and sulfite	Liu Z,Wu L,Kufner C,Sasselov D,Fischer W,Sutherland J	2021			https://chemorigins.bact.wisc.edu/reactions/pbr-000112
pbr-000113	[CH2]C(=O)[O-]>>CC(=O)[O-]	Acetate	Acetate	C2H4O2	C2H4O2	CC(=O)O	CC(=O)O	pbc-000118		4.0			Bisulfite	10.1038/s41557-021-00789-w	Prebiotic photoredox synthesis from carbon dioxide and sulfite	Liu Z,Wu L,Kufner C,Sasselov D,Fischer W,Sutherland J	2021			https://chemorigins.bact.wisc.edu/reactions/pbr-000113
pbr-000114	CC(=O)[O-]>>CC=O.O	Acetate	H2O + Acetaldehyde	C2H4O2	H2O + C2H4O	CC(=O)O	O + CC=O	pbc-000119					Ultraviolet radiation	10.1038/s41557-021-00789-w	Prebiotic photoredox synthesis from carbon dioxide and sulfite	Liu Z,Wu L,Kufner C,Sasselov D,Fischer W,Sutherland J	2021			https://chemorigins.bact.wisc.edu/reactions/pbr-000114
pbr-000115	[CH2]C(=O)[O-].O=[C][O-]>>O=C([O-])CC(=O)[O-]	Formate + Acetate	malonic acid	CH2O2 + C2H4O2	C3H4O4	C(=O)O + CC(=O)O	C(C(=O)O)C(=O)O	pbc-000120					Ultraviolet radiation	10.1038/s41557-021-00789-w	Prebiotic photoredox synthesis from carbon dioxide and sulfite	Liu Z,Wu L,Kufner C,Sasselov D,Fischer W,Sutherland J	2021			https://chemorigins.bact.wisc.edu/reactions/pbr-000115
pbr-000116	[CH2]C(=O)[O-].[O]S(=O)[O-]>>O=C([O-])CS(=O)(=O)[O-]	Sulfite + Acetate	sulfoacetic acid	H2O3S + C2H4O2	C2H4O5S	OS(=O)O + CC(=O)O	C(C(=O)O)S(=O)(=O)O	pbc-000121		4.0				10.1038/s41557-021-00789-w	Prebiotic photoredox synthesis from carbon dioxide and sulfite	Liu Z,Wu L,Kufner C,Sasselov D,Fischer W,Sutherland J	2021			https://chemorigins.bact.wisc.edu/reactions/pbr-000116
pbr-000117	O=C([O-])CC(=O)[O-]>>O=CCC(=O)[O-].O	malonic acid	H2O + 3-oxopropanoic acid	C3H4O4	H2O + C3H4O3	C(C(=O)O)C(=O)O	O + C(C=O)C(=O)O	pbc-000122		4.0				10.1038/s41557-021-00789-w	Prebiotic photoredox synthesis from carbon dioxide and sulfite	Liu Z,Wu L,Kufner C,Sasselov D,Fischer W,Sutherland J	2021			https://chemorigins.bact.wisc.edu/reactions/pbr-000117
pbr-000118	O=CCC(=O)[O-]>>O=C([O-])CCO	3-oxopropanoic acid	3-hydroxypropionic acid	C3H4O3	C3H6O3	C(C=O)C(=O)O	C(CO)C(=O)O	pbc-000123		4.0				10.1038/s41557-021-00789-w	Prebiotic photoredox synthesis from carbon dioxide and sulfite	Liu Z,Wu L,Kufner C,Sasselov D,Fischer W,Sutherland J	2021			https://chemorigins.bact.wisc.edu/reactions/pbr-000118
pbr-000119	O=C([O-])[C]O.O=C([O-])[C]O>>O=C([O-])C(O)C(O)C(=O)[O-]	glycolic acid	2,3-dihydroxybutanedioic acid	C2H4O3	C4H6O6	C(C(=O)O)O	C(C(C(=O)O)O)(C(=O)O)O	pbc-000211		4.0				10.1038/s41557-021-00789-w	Prebiotic photoredox synthesis from carbon dioxide and sulfite	Liu Z,Wu L,Kufner C,Sasselov D,Fischer W,Sutherland J	2021			https://chemorigins.bact.wisc.edu/reactions/pbr-000119
pbr-000119	O=C([O-])[C]O.O=C([O-])[C]O>>O=C([O-])C(O)C(O)C(=O)[O-]	glycolic acid	2,3-dihydroxybutanedioic acid	C2H4O3	C4H6O6	C(C(=O)O)O	C(C(C(=O)O)O)(C(=O)O)O	pbc-000124		4.0				10.1038/s41557-021-00789-w	Prebiotic photoredox synthesis from carbon dioxide and sulfite	Liu Z,Wu L,Kufner C,Sasselov D,Fischer W,Sutherland J	2021			https://chemorigins.bact.wisc.edu/reactions/pbr-000119
pbr-000120	O=C([O-])[C]O.O=[C][O-]>>O=C([O-])C(O)C(=O)[O-]	Formate + glycolic acid	tartronic acid	CH2O2 + C2H4O3	C3H4O5	C(=O)O + C(C(=O)O)O	C(C(=O)O)(C(=O)O)O	pbc-000125		4.0				10.1038/s41557-021-00789-w	Prebiotic photoredox synthesis from carbon dioxide and sulfite	Liu Z,Wu L,Kufner C,Sasselov D,Fischer W,Sutherland J	2021			https://chemorigins.bact.wisc.edu/reactions/pbr-000120
pbr-000121	O=C([O-])C(O)C(=O)[O-]>>O=C([O-])CC(=O)[O-].O	tartronic acid	H2O + malonic acid	C3H4O5	H2O + C3H4O4	C(C(=O)O)(C(=O)O)O	O + C(C(=O)O)C(=O)O	pbc-000126					Bisulfite; Ultraviolet radiation	10.1038/s41557-021-00789-w	Prebiotic photoredox synthesis from carbon dioxide and sulfite	Liu Z,Wu L,Kufner C,Sasselov D,Fischer W,Sutherland J	2021			https://chemorigins.bact.wisc.edu/reactions/pbr-000121
pbr-000122	O=C([O-])C(O)C(=O)[O-]>>O=C([O-])C(=O)C(=O)[O-]	tartronic acid	mesoxalic acid	C3H4O5	C3H2O5	C(C(=O)O)(C(=O)O)O	C(=O)(C(=O)O)C(=O)O	pbc-000127					Bisulfite; Ultraviolet radiation	10.1038/s41557-021-00789-w	Prebiotic photoredox synthesis from carbon dioxide and sulfite	Liu Z,Wu L,Kufner C,Sasselov D,Fischer W,Sutherland J	2021			https://chemorigins.bact.wisc.edu/reactions/pbr-000122
pbr-000123	S=C=S.[HH].[HH].[HH]>>CS.S	hydrogen + carbon disulfide	hydrogen sulfide + methanethiol	H2 + CS2	H2S + CH4S	[HH] + C(=S)=S	S + CS	pbc-000128	175.0					10.1089/ast.2005.5.749	Abiotic Synthesis of Organic Compounds from Carbon Disulfide Under Hydrothermal Conditions	Rushdi A,Simoneit B	2005			https://chemorigins.bact.wisc.edu/reactions/pbr-000123
pbr-000124	CS.S.S.S>>S=C(S)SS.[HH].[HH].[HH].[HH]	hydrogen sulfide + methanethiol	hydrogen + tetrathioperoxycarbonic acid	H2S + CH4S	H2 + CH2S4	S + CS	[HH] + C(=S)(S)SS	pbc-000129	175.0					10.1089/ast.2005.5.749	Abiotic Synthesis of Organic Compounds from Carbon Disulfide Under Hydrothermal Conditions	Rushdi A,Simoneit B	2005			https://chemorigins.bact.wisc.edu/reactions/pbr-000124
pbr-000125	CS.S.S.S.S>>C1SSSSS1.[HH].[HH].[HH].[HH].[HH]	hydrogen sulfide + methanethiol	hydrogen + 1,2,3,4,5-pentathiane	H2S + CH4S	H2 + CH2S5	S + CS	[HH] + C1SSSSS1	pbc-000130	175.0					10.1089/ast.2005.5.749	Abiotic Synthesis of Organic Compounds from Carbon Disulfide Under Hydrothermal Conditions	Rushdi A,Simoneit B	2005			https://chemorigins.bact.wisc.edu/reactions/pbr-000125
pbr-000126	CS.S.S.S.S.S>>C1SSSSSS1.[HH].[HH].[HH].[HH].[HH].[HH]	hydrogen sulfide + methanethiol	hydrogen + hexathiepane	H2S + CH4S	H2 + CH2S6	S + CS	[HH] + C1SSSSSS1	pbc-000131	175.0					10.1089/ast.2005.5.749	Abiotic Synthesis of Organic Compounds from Carbon Disulfide Under Hydrothermal Conditions	Rushdi A,Simoneit B	2005			https://chemorigins.bact.wisc.edu/reactions/pbr-000126
pbr-000127	CS.CS>>CSSC.[HH]	methanethiol	hydrogen + dimethyl disulfide	CH4S	H2 + C2H6S2	CS	[HH] + CSSC	pbc-000132	175.0					10.1089/ast.2005.5.749	Abiotic Synthesis of Organic Compounds from Carbon Disulfide Under Hydrothermal Conditions	Rushdi A,Simoneit B	2005			https://chemorigins.bact.wisc.edu/reactions/pbr-000127
pbr-000128	CS.S=C=S.[HH].[HH]>>CSSSC.S	hydrogen + carbon disulfide + methanethiol	hydrogen sulfide + dimethyl trisulfide	H2 + CS2 + CH4S	H2S + C2H6S3	[HH] + C(=S)=S + CS	S + CSSSC	pbc-000133	175.0					10.1089/ast.2005.5.749	Abiotic Synthesis of Organic Compounds from Carbon Disulfide Under Hydrothermal Conditions	Rushdi A,Simoneit B	2005			https://chemorigins.bact.wisc.edu/reactions/pbr-000128
pbr-000129	CS.S=C=S.S>>CSSSSC	hydrogen sulfide + carbon disulfide + methanethiol	dimethyl tetrasulfide	H2S + CS2 + CH4S	C2H6S4	S + C(=S)=S + CS	CSSSSC	pbc-000134	175.0					10.1089/ast.2005.5.749	Abiotic Synthesis of Organic Compounds from Carbon Disulfide Under Hydrothermal Conditions	Rushdi A,Simoneit B	2005			https://chemorigins.bact.wisc.edu/reactions/pbr-000129
pbr-000130	CS.S=C=S.S.S>>CSSSSSC.[HH]	hydrogen sulfide + carbon disulfide + methanethiol	hydrogen + dimethyl pentasulfide	H2S + CS2 + CH4S	H2 + C2H6S5	S + C(=S)=S + CS	[HH] + CSSSSSC	pbc-000135	175.0					10.1089/ast.2005.5.749	Abiotic Synthesis of Organic Compounds from Carbon Disulfide Under Hydrothermal Conditions	Rushdi A,Simoneit B	2005			https://chemorigins.bact.wisc.edu/reactions/pbr-000130
pbr-000131	CS.CSSC>>CSSSC.C	dimethyl disulfide + methanethiol	methane + dimethyl trisulfide	C2H6S2 + CH4S	CH4 + C2H6S3	CSSC + CS	C + CSSSC	pbc-000136	175.0					10.1089/ast.2005.5.749	Abiotic Synthesis of Organic Compounds from Carbon Disulfide Under Hydrothermal Conditions	Rushdi A,Simoneit B	2005			https://chemorigins.bact.wisc.edu/reactions/pbr-000131
pbr-000132	CSSC.S=C=S.[HH]>>C1SCSS1.C	hydrogen + carbon disulfide + dimethyl disulfide	methane + 1,2,4-trithiolane	H2 + CS2 + C2H6S2	CH4 + C2H4S3	[HH] + C(=S)=S + CSSC	C + C1SCSS1	pbc-000137	175.0					10.1089/ast.2005.5.749	Abiotic Synthesis of Organic Compounds from Carbon Disulfide Under Hydrothermal Conditions	Rushdi A,Simoneit B	2005			https://chemorigins.bact.wisc.edu/reactions/pbr-000132
pbr-000133	CSSC.S>>C1SCSS1.[HH].[HH]	hydrogen sulfide + dimethyl disulfide	hydrogen + 1,2,4-trithiolane	H2S + C2H6S2	H2 + C2H4S3	S + CSSC	[HH] + C1SCSS1	pbc-000138	175.0					10.1089/ast.2005.5.749	Abiotic Synthesis of Organic Compounds from Carbon Disulfide Under Hydrothermal Conditions	Rushdi A,Simoneit B	2005			https://chemorigins.bact.wisc.edu/reactions/pbr-000133
pbr-000134	CSSC.S=C=S.[HH]>>C1SCSCS1.S	hydrogen + carbon disulfide + dimethyl disulfide	hydrogen sulfide + 1,3,5-trithiane	H2 + CS2 + C2H6S2	H2S + C3H6S3	[HH] + C(=S)=S + CSSC	S + C1SCSCS1	pbc-000139	175.0					10.1089/ast.2005.5.749	Abiotic Synthesis of Organic Compounds from Carbon Disulfide Under Hydrothermal Conditions	Rushdi A,Simoneit B	2005			https://chemorigins.bact.wisc.edu/reactions/pbr-000134
pbr-000135	CSSC.S=C=S.[HH].[HH]>>C1SSCSS1.C.S	hydrogen + carbon disulfide + dimethyl disulfide	hydrogen sulfide + methane + 1,2,4,5-tetrathiane	H2 + CS2 + C2H6S2	H2S + CH4 + C2H4S4	[HH] + C(=S)=S + CSSC	S + C + C1SSCSS1	pbc-000140	175.0					10.1089/ast.2005.5.749	Abiotic Synthesis of Organic Compounds from Carbon Disulfide Under Hydrothermal Conditions	Rushdi A,Simoneit B	2005			https://chemorigins.bact.wisc.edu/reactions/pbr-000135
pbr-000136	CSSC.S.S.S.S>>C1SSCSS1.[HH].[HH].[HH].[HH]	hydrogen sulfide + dimethyl disulfide	hydrogen + 1,2,4,5-tetrathiane	H2S + C2H6S2	H2 + C2H4S4	S + CSSC	[HH] + C1SSCSS1	pbc-000141	175.0					10.1089/ast.2005.5.749	Abiotic Synthesis of Organic Compounds from Carbon Disulfide Under Hydrothermal Conditions	Rushdi A,Simoneit B	2005			https://chemorigins.bact.wisc.edu/reactions/pbr-000136
pbr-000137	CSSC.S=C=S>>C1SCSSCS1	carbon disulfide + dimethyl disulfide	1,2,4,6-tetrathiepane	CS2 + C2H6S2	C3H6S4	C(=S)=S + CSSC	C1SCSSCS1	pbc-000142	175.0					10.1089/ast.2005.5.749	Abiotic Synthesis of Organic Compounds from Carbon Disulfide Under Hydrothermal Conditions	Rushdi A,Simoneit B	2005			https://chemorigins.bact.wisc.edu/reactions/pbr-000137
pbr-000138	CSSC.S=C=S.S>>C1SCSSCSS1.[HH]	hydrogen sulfide + carbon disulfide + dimethyl disulfide	hydrogen + 1,2,4,5,7-pentathiocane	H2S + CS2 + C2H6S2	H2 + C3H6S5	S + C(=S)=S + CSSC	[HH] + C1SCSSCSS1	pbc-000143	175.0					10.1089/ast.2005.5.749	Abiotic Synthesis of Organic Compounds from Carbon Disulfide Under Hydrothermal Conditions	Rushdi A,Simoneit B	2005			https://chemorigins.bact.wisc.edu/reactions/pbr-000138
pbr-000139	CSSC.S=C=S.S.S>>C1SCSSCSS1.[HH].[HH]	hydrogen sulfide + carbon disulfide + dimethyl disulfide	hydrogen + 1,2,4,5,7-pentathiocane	H2S + CS2 + C2H6S2	H2 + C3H6S5	S + C(=S)=S + CSSC	[HH] + C1SCSSCSS1	pbc-000144	175.0					10.1089/ast.2005.5.749	Abiotic Synthesis of Organic Compounds from Carbon Disulfide Under Hydrothermal Conditions	Rushdi A,Simoneit B	2005			https://chemorigins.bact.wisc.edu/reactions/pbr-000139
pbr-000140	CSSC.CSSC>>C1CSCCS1.S.S	dimethyl disulfide	hydrogen sulfide + 1,4-dithiane	C2H6S2	H2S + C4H8S2	CSSC	S + C1CSCCS1	pbc-000145	175.0					10.1089/ast.2005.5.749	Abiotic Synthesis of Organic Compounds from Carbon Disulfide Under Hydrothermal Conditions	Rushdi A,Simoneit B	2005			https://chemorigins.bact.wisc.edu/reactions/pbr-000140
pbr-000141	CSSC.CSSC.S>>C=CCSSSC.[HH].[HH].[HH]	hydrogen sulfide + dimethyl disulfide	hydrogen + allyl methyl trisulfide	H2S + C2H6S2	H2 + C4H8S3	S + CSSC	[HH] + CSSSCC=C	pbc-000146	175.0					10.1089/ast.2005.5.749	Abiotic Synthesis of Organic Compounds from Carbon Disulfide Under Hydrothermal Conditions	Rushdi A,Simoneit B	2005			https://chemorigins.bact.wisc.edu/reactions/pbr-000141
pbr-000142	CSSC.S=C=S.[HH].[HH]>>C=CCSSSC.S	hydrogen + carbon disulfide + dimethyl disulfide	hydrogen sulfide + allyl methyl trisulfide	H2 + CS2 + C2H6S2	H2S + C4H8S3	[HH] + C(=S)=S + CSSC	S + CSSSCC=C	pbc-000147	175.0					10.1089/ast.2005.5.749	Abiotic Synthesis of Organic Compounds from Carbon Disulfide Under Hydrothermal Conditions	Rushdi A,Simoneit B	2005			https://chemorigins.bact.wisc.edu/reactions/pbr-000142
pbr-000143	C=CCSSSC.S>>CC1SSC(C)SS1.[HH]	hydrogen sulfide + allyl methyl trisulfide	hydrogen + 3,6-dimethyl-1,2,4,5-tetrathiane	H2S + C4H8S3	H2 + C4H8S4	S + CSSSCC=C	[HH] + CC1SSC(SS1)C	pbc-000148	175.0					10.1089/ast.2005.5.749	Abiotic Synthesis of Organic Compounds from Carbon Disulfide Under Hydrothermal Conditions	Rushdi A,Simoneit B	2005			https://chemorigins.bact.wisc.edu/reactions/pbr-000143
pbr-000144	CSSSC.C>>CSCSSC.[HH]	methane + dimethyl trisulfide	hydrogen + 2,3,5-trithiahexane	CH4 + C2H6S3	H2 + C3H8S3	C + CSSSC	[HH] + CSCSSC	pbc-000149	175.0					10.1089/ast.2005.5.749	Abiotic Synthesis of Organic Compounds from Carbon Disulfide Under Hydrothermal Conditions	Rushdi A,Simoneit B	2005			https://chemorigins.bact.wisc.edu/reactions/pbr-000144
pbr-000145	CSCSSC.C>>CCCSSSC.[HH]	methane + 2,3,5-trithiahexane	hydrogen + methyl propyl trisulfide	CH4 + C3H8S3	H2 + C4H10S3	C + CSCSSC	[HH] + CCCSSSC	pbc-000150	175.0					10.1089/ast.2005.5.749	Abiotic Synthesis of Organic Compounds from Carbon Disulfide Under Hydrothermal Conditions	Rushdi A,Simoneit B	2005			https://chemorigins.bact.wisc.edu/reactions/pbr-000145
pbr-000146	CCCSSSC.S>>CCCSSSSC.[HH]	hydrogen sulfide + methyl propyl trisulfide	hydrogen + methyl propyl tetrasulphide	H2S + C4H10S3	H2 + C4H10S4	S + CCCSSSC	[HH] + CCCSSSSC	pbc-000151	175.0					10.1089/ast.2005.5.749	Abiotic Synthesis of Organic Compounds from Carbon Disulfide Under Hydrothermal Conditions	Rushdi A,Simoneit B	2005			https://chemorigins.bact.wisc.edu/reactions/pbr-000146
pbr-000147	CCCSSSC.S=C=S.[HH].[HH]>>CSC(SC)(SC)SC.S	hydrogen + carbon disulfide + methyl propyl trisulfide	hydrogen sulfide + methane, tetrakis(methylthio)-	H2 + CS2 + C4H10S3	H2S + C5H12S4	[HH] + C(=S)=S + CCCSSSC	S + CSC(SC)(SC)SC	pbc-000152	175.0					10.1089/ast.2005.5.749	Abiotic Synthesis of Organic Compounds from Carbon Disulfide Under Hydrothermal Conditions	Rushdi A,Simoneit B	2005			https://chemorigins.bact.wisc.edu/reactions/pbr-000147
pbr-000149	NCC(=O)O>>CN.O=C=O	Glycine	CO2 + methylamine	C2H5NO2	CO2 + CH5N	C(C(=O)O)N	C(=O)=O + CN	pbc-000170						10.1016/j.supflu.2007.04.008	Hydrothermal reactions of alanine and glycine in sub- and supercritical water	Klingler D,Berg J,Vogel H	2007			https://chemorigins.bact.wisc.edu/reactions/pbr-000149
pbr-000149	NCC(=O)O>>CN.O=C=O	Glycine	CO2 + methylamine	C2H5NO2	CO2 + CH5N	C(C(=O)O)N	C(=O)=O + CN	pbc-000154						10.1016/0016-7037(64)90147-4	Biogeochemistry of organic matter—II Thermal reaction kinetics and transformation products of amino compounds	Vallentyne J	1964			https://chemorigins.bact.wisc.edu/reactions/pbr-000149
pbr-000153	C1CC(=O)NC1C(=O)O>>C1CC(=O)NC1	dl-pyroglutamic acid	2-pyrrolidinone	C5H7NO3	C4H7NO	C1CC(=O)NC1C(=O)O	C1CC(=O)NC1	pbc-000158						10.1016/0016-7037(64)90089-4	Thermal reaction kinetics of the glutamic acid-pyroglutamic acid system in water	Povoledo D,Vallentyne J	1964			https://chemorigins.bact.wisc.edu/reactions/pbr-000153
pbr-000154	C(C(=O)NCC(=O)O)N>>C1C(=O)NCC(=O)N1	glycylglycine	2,5-piperazinedione	C4H8N2O3	C4H6N2O2	C(C(=O)NCC(=O)O)N	C1C(=O)NCC(=O)N1	pbc-000159						10.1016/0016-7037(93)90540-D	Kinetics of peptide hydrolysis and amino acid decomposition at high temperature	Qian Y,Engel M,Macko S,Carpenter S,Deming J	1993			https://chemorigins.bact.wisc.edu/reactions/pbr-000154
pbr-000162	C(CC(=O)O)C(C(=O)O)N>>C1CC(=O)NC1C(=O)O.O	L-Glutamate	H2O + dl-pyroglutamic acid	C5H9NO4	H2O + C5H7NO3	C(CC(=O)O)C(C(=O)O)N	O + C1CC(=O)NC1C(=O)O	pbc-000167						10.1246/cl.1997.1053	Stability of Amino Acids in Simulated Hydrothermal Vent Environments	Kohara M,Gamo T,Yanagawa H,Kobayashi K	1997			https://chemorigins.bact.wisc.edu/reactions/pbr-000162
pbr-000165	NCC(=O)O.NCC(=O)O>>C1C(=O)NCC(=O)N1.O.O	Glycine	H2O + 2,5-piperazinedione	C2H5NO2	H2O + C4H6N2O2	C(C(=O)O)N	O + C1C(=O)NCC(=O)N1	pbc-000171						10.1016/j.supflu.2007.04.008	Hydrothermal reactions of alanine and glycine in sub- and supercritical water	Klingler D,Berg J,Vogel H	2007			https://chemorigins.bact.wisc.edu/reactions/pbr-000165
pbr-000166	NCC(=O)O.O>>OCC(=O)O.N	H2O + Glycine	Ammonia + glycolic acid	H2O + C2H5NO2	H3N + C2H4O3	O + C(C(=O)O)N	N + C(C(=O)O)O	pbc-000172						10.1016/j.supflu.2007.04.008	Hydrothermal reactions of alanine and glycine in sub- and supercritical water	Klingler D,Berg J,Vogel H	2007			https://chemorigins.bact.wisc.edu/reactions/pbr-000166
pbr-000167	C1COCCN1.[HH]>>C=COCC.N	hydrogen + morpholine	Ammonia + ethyl vinyl ether	H2 + C4H9NO	H3N + C4H8O	[HH] + C1COCCN1	N + CCOC=C	pbc-000173						10.1016/j.gca.2012.11.008	The influence of minerals on decomposition of the n-alkyl-α-amino acid norvaline under hydrothermal conditions	McCollom T	2013			https://chemorigins.bact.wisc.edu/reactions/pbr-000167
pbr-000168	C=COCC.O>>CC(C)C(=O)O.[HH]	H2O + ethyl vinyl ether	hydrogen + isobutyric acid	H2O + C4H8O	H2 + C4H8O2	O + CCOC=C	[HH] + CC(C)C(=O)O	pbc-000174						10.1016/j.gca.2012.11.008	The influence of minerals on decomposition of the n-alkyl-α-amino acid norvaline under hydrothermal conditions	McCollom T	2013			https://chemorigins.bact.wisc.edu/reactions/pbr-000168
pbr-000169	CCC(C)N.O>>CC(C)CO.N	H2O + sec-butylamine	Ammonia + isobutanol	H2O + C4H11N	H3N + C4H10O	O + CCC(C)N	N + CC(C)CO	pbc-000175						10.1016/j.gca.2012.11.008	The influence of minerals on decomposition of the n-alkyl-α-amino acid norvaline under hydrothermal conditions	McCollom T	2013			https://chemorigins.bact.wisc.edu/reactions/pbr-000169
pbr-000170	CC(C)CO.O>>CC(C)C(=O)O.[HH].[HH]	H2O + isobutanol	hydrogen + isobutyric acid	H2O + C4H10O	H2 + C4H8O2	O + CC(C)CO	[HH] + CC(C)C(=O)O	pbc-000176						10.1016/j.gca.2012.11.008	The influence of minerals on decomposition of the n-alkyl-α-amino acid norvaline under hydrothermal conditions	McCollom T	2013			https://chemorigins.bact.wisc.edu/reactions/pbr-000170
pbr-000173	NCCCC(=O)O.O.O>>CCOC=O.O=C=O.N.[HH].[HH]	H2O + gamma-aminobutyric acid	hydrogen + Ammonia + CO2 + ethyl formate	H2O + C4H9NO2	H2 + H3N + CO2 + C3H6O2	O + C(CC(=O)O)CN	[HH] + N + C(=O)=O + CCOC=O	pbc-000179						10.1016/j.gca.2012.11.008	The influence of minerals on decomposition of the n-alkyl-α-amino acid norvaline under hydrothermal conditions	McCollom T	2013			https://chemorigins.bact.wisc.edu/reactions/pbr-000173
pbr-000174	C(CC(=O)O)CN.[HH]>>CCCC(=O)O.N	hydrogen + gamma-aminobutyric acid	Ammonia + butyric acid	H2 + C4H9NO2	H3N + C4H8O2	[HH] + C(CC(=O)O)CN	N + CCCC(=O)O	pbc-000180						10.1016/j.gca.2012.11.008	The influence of minerals on decomposition of the n-alkyl-α-amino acid norvaline under hydrothermal conditions	McCollom T	2013			https://chemorigins.bact.wisc.edu/reactions/pbr-000174
pbr-000176	C(CC(=O)O)C(C(=O)O)N>>C(C=CC(=O)O)C(=O)O.N	L-Glutamate	Ammonia + pentenedioic acid	C5H9NO4	H3N + C5H6O4	C(CC(=O)O)C(C(=O)O)N	N + C(C=CC(=O)O)C(=O)O	pbc-000182						10.1016/j.gca.2014.02.043	The effects of temperature, pH and redox state on the stability of glutamic acid in hydrothermal fluids	Lee N,Foustoukos D,Sverjensky D,Cody G,Hazen R	2014			https://chemorigins.bact.wisc.edu/reactions/pbr-000176
pbr-000177	C(C=CC(=O)O)C(=O)O.O>>C(CC(=O)O)C(C(=O)O)O	H2O + pentenedioic acid	2-hydroxyglutaric acid	H2O + C5H6O4	C5H8O5	O + C(C=CC(=O)O)C(=O)O	C(CC(=O)O)C(C(=O)O)O	pbc-000183						10.1016/j.gca.2014.02.043	The effects of temperature, pH and redox state on the stability of glutamic acid in hydrothermal fluids	Lee N,Foustoukos D,Sverjensky D,Cody G,Hazen R	2014			https://chemorigins.bact.wisc.edu/reactions/pbr-000177
pbr-000178	C(CC(=O)O)C(C(=O)O)O>>C(CC(=O)O)C(=O)C(=O)O.[HH]	2-hydroxyglutaric acid	hydrogen + 2-Oxoglutarate	C5H8O5	H2 + C5H6O5	C(CC(=O)O)C(C(=O)O)O	[HH] + C(CC(=O)O)C(=O)C(=O)O	pbc-000184						10.1016/j.gca.2014.02.043	The effects of temperature, pH and redox state on the stability of glutamic acid in hydrothermal fluids	Lee N,Foustoukos D,Sverjensky D,Cody G,Hazen R	2014	pbmdl-000004	Glutamate-synthesis	https://chemorigins.bact.wisc.edu/reactions/pbr-000178
pbr-000179	O=C(O)CCC(=O)C(=O)O>>O=C(O)CCC(=O)O.O=CO	2-Oxoglutarate	Formate + Succinate	C5H6O5	CH2O2 + C4H6O4	C(CC(=O)O)C(=O)C(=O)O	C(=O)O + C(CC(=O)O)C(=O)O	pbc-000185						10.1016/j.gca.2014.02.043	The effects of temperature, pH and redox state on the stability of glutamic acid in hydrothermal fluids	Lee N,Foustoukos D,Sverjensky D,Cody G,Hazen R	2014			https://chemorigins.bact.wisc.edu/reactions/pbr-000179
pbr-000182	CC(CC(C(=O)O)N)(C(=O)O)O>>C(CC(=O)O)C(=O)C(=O)O.N	2-amino-4-hydroxy-4-methylpentanedioic acid	Ammonia + 2-Oxoglutarate	C6H11NO5	H3N + C5H6O5	CC(CC(C(=O)O)N)(C(=O)O)O	N + C(CC(=O)O)C(=O)C(=O)O	pbc-000188						10.1016/j.gca.2014.02.043	The effects of temperature, pH and redox state on the stability of glutamic acid in hydrothermal fluids	Lee N,Foustoukos D,Sverjensky D,Cody G,Hazen R	2014	pbmdl-000004	Glutamate-synthesis	https://chemorigins.bact.wisc.edu/reactions/pbr-000182
pbr-000183	NCCCC(=O)O>>CC(=O)C=CN.O	gamma-aminobutyric acid	H2O + 3-buten-2-one, 4-amino-, (e)-	C4H9NO2	H2O + C4H7NO	C(CC(=O)O)CN	O + CC(=O)C=CN	pbc-000189						10.1246/bcsj.76.1171	Reaction of Amino Acids in a Supercritical Water-Flow Reactor Simulating Submarine Hydrothermal Systems	Islam M,Kaneko T,Kobayashi K	2003			https://chemorigins.bact.wisc.edu/reactions/pbr-000183
pbr-000184	C(CCN)CC(=O)O>>C1CCNC(=O)C1.O	5-aminovaleric acid	H2O + 2-piperidone	C5H11NO2	H2O + C5H9NO	C(CCN)CC(=O)O	O + C1CCNC(=O)C1	pbc-000190						10.1246/bcsj.76.1171	Reaction of Amino Acids in a Supercritical Water-Flow Reactor Simulating Submarine Hydrothermal Systems	Islam M,Kaneko T,Kobayashi K	2003			https://chemorigins.bact.wisc.edu/reactions/pbr-000184
pbr-000185	O=[Fe].O=[Fe]O[Fe]=O.O=C=O.[HH]>>O=C([O-])[O-].[Fe+2].O	hydrogen + CO2 + iron(iii) oxide + ferrous oxide	H2O + ferrous ion + carbonic acid	H2 + CO2 + Fe2O3 + FeO	H2O + Fe+2 + CH2O3	[HH] + C(=O)=O + O=[Fe]O[Fe]=O + O=[Fe]	O + [Fe+2] + C(=O)(O)O	pbc-000191						10.1016/S0016-7037(03)00136-4	Experimental constraints on the hydrothermal reactivity of organic acids and acid anions: I. Formic acid and formate	McCollom T,Seewald J	2003			https://chemorigins.bact.wisc.edu/reactions/pbr-000185
pbr-000186	[Fe].[Ni].[Ni].[Ni].[O]N=O.O>>[OH-].[NH4+].[Fe].[Ni]	H2O + nitrous acid + nickel + iron	nickel + iron + Ammonia + H2O	H2O + HNO2 + Ni + Fe	Ni + Fe + H3N + H2O	O + N(=O)O + [Ni] + [Fe]	[Ni] + [Fe] + N + O	pbc-000192	200.0					10.1186/1467-4866-9-5	Abiotic ammonium formation in the presence of Ni-Fe metals and alloys and its implications for the Hadean nitrogen cycle	Smirnov A,Hausner D,Laffers R,Strongin D,Schoonen M	2008			https://chemorigins.bact.wisc.edu/reactions/pbr-000186
pbr-000187	[Fe].[HH].O=[N+]([O-])[O-]>>[NH4+].[Fe].O	nitrate + hydrogen + iron	H2O + iron + Ammonia	NO3- + H2 + Fe	H2O + Fe + H3N	[N+](=O)([O-])[O-] + [HH] + [Fe]	O + [Fe] + N	pbc-000193	200.0					10.1186/1467-4866-9-5	Abiotic ammonium formation in the presence of Ni-Fe metals and alloys and its implications for the Hadean nitrogen cycle	Smirnov A,Hausner D,Laffers R,Strongin D,Schoonen M	2008			https://chemorigins.bact.wisc.edu/reactions/pbr-000187
pbr-000188	C=O.N.[HH]>>NCCO	hydrogen + Ammonia + Formaldehyde	ethanolamine	H2 + H3N + CH2O	C2H7NO	[HH] + N + C=O	C(CO)N	pbc-000194						10.1007/s11084-008-9153-2	The Role of Submarine Hydrothermal Systems in the Synthesis of Amino Acids	Aubrey A,Cleaves H,Bada J	2008			https://chemorigins.bact.wisc.edu/reactions/pbr-000188
pbr-000189	C=O.C=O>>OCC(=O)O	Formaldehyde	glycolic acid	CH2O	C2H4O3	C=O	C(C(=O)O)O	pbc-000195						10.1007/s11084-008-9153-2	The Role of Submarine Hydrothermal Systems in the Synthesis of Amino Acids	Aubrey A,Cleaves H,Bada J	2008	pbmdl-000009;pbmdl-000003	C3-synth;Glycine-synthesis	https://chemorigins.bact.wisc.edu/reactions/pbr-000189
pbr-000190	CC(=O)OO.N>>NCC(=O)O	Ammonia + peracetic acid	Glycine	H3N + C2H4O3	C2H5NO2	N + CC(=O)OO	C(C(=O)O)N	pbc-000196						10.1007/s11084-008-9153-2	The Role of Submarine Hydrothermal Systems in the Synthesis of Amino Acids	Aubrey A,Cleaves H,Bada J	2008	pbmdl-000003	Glycine-synthesis	https://chemorigins.bact.wisc.edu/reactions/pbr-000190
pbr-000192	C(C(C(=O)O)N)O.C=O>>C(C(CO)(C(=O)O)N)O	Formaldehyde + L-Serine	alpha-(hydroxymethyl)serine	CH2O + C3H7NO3	C4H9NO4	C=O + C(C(C(=O)O)N)O	C(C(CO)(C(=O)O)N)O	pbc-000198						10.1007/s11084-008-9153-2	The Role of Submarine Hydrothermal Systems in the Synthesis of Amino Acids	Aubrey A,Cleaves H,Bada J	2008			https://chemorigins.bact.wisc.edu/reactions/pbr-000192
pbr-000194	C(C(CO)(C(=O)O)N)O.[HH]>>O=C(O)C(CO)(C)N.O	hydrogen + alpha-(hydroxymethyl)serine	H2O + 2-methylserine	H2 + C4H9NO4	H2O + C4H9NO3	[HH] + C(C(CO)(C(=O)O)N)O	O + CC(CO)(C(=O)O)N	pbc-000200						10.1007/s11084-008-9153-2	The Role of Submarine Hydrothermal Systems in the Synthesis of Amino Acids	Aubrey A,Cleaves H,Bada J	2008			https://chemorigins.bact.wisc.edu/reactions/pbr-000194
pbr-000197	CC(=O)OO>>CO.O=C[O-]	peracetic acid	Formate + Methanol	C2H4O3	CH2O2 + CH4O	CC(=O)OO	C(=O)O + CO	pbc-000203						10.1007/s11084-008-9153-2	The Role of Submarine Hydrothermal Systems in the Synthesis of Amino Acids	Aubrey A,Cleaves H,Bada J	2008			https://chemorigins.bact.wisc.edu/reactions/pbr-000197
pbr-000198	OCC(=O)O>>OCC(=O).[O]	glycolic acid	H2O + Glycolaldehyde	C2H4O3	H2O + C2H4O2	C(C(=O)O)O	O + C(C=O)O	pbc-000204						10.1007/s11084-008-9153-2	The Role of Submarine Hydrothermal Systems in the Synthesis of Amino Acids	Aubrey A,Cleaves H,Bada J	2008			https://chemorigins.bact.wisc.edu/reactions/pbr-000198
pbr-000199	OCC(=O)O.N>>NCC(=O)O.O	Ammonia + glycolic acid	H2O + Glycine	H3N + C2H4O3	H2O + C2H5NO2	N + C(C(=O)O)O	O + C(C(=O)O)N	pbc-000205						10.1007/s11084-008-9153-2	The Role of Submarine Hydrothermal Systems in the Synthesis of Amino Acids	Aubrey A,Cleaves H,Bada J	2008			https://chemorigins.bact.wisc.edu/reactions/pbr-000199
pbr-000200	NCC(=O)O>>CN.O=C[O-]	Glycine	Formate + methylamine	C2H5NO2	CH2O2 + CH5N	C(C(=O)O)N	C(=O)O + CN	pbc-000206						10.1007/s11084-008-9153-2	The Role of Submarine Hydrothermal Systems in the Synthesis of Amino Acids	Aubrey A,Cleaves H,Bada J	2008			https://chemorigins.bact.wisc.edu/reactions/pbr-000200
pbr-000201	O=C(O)CO>>O=C(O)CO	glycolic acid	glycolic acid	C2H4O3	C2H4O3	C(C(=O)O)O	C(C(=O)O)O	pbc-000208		4.0				10.1038/s41557-021-00789-w	Prebiotic photoredox synthesis from carbon dioxide and sulfite	Liu Z,Wu L,Kufner C,Sasselov D,Fischer W,Sutherland J	2021			https://chemorigins.bact.wisc.edu/reactions/pbr-000201
pbr-000202	O=C(O)CO>>[CH]C(=O)[O-].[OH-]	glycolic acid	H2O + Acetate	C2H4O3	H2O + C2H4O2	C(C(=O)O)O	O + CC(=O)O	pbc-000209		4.0				10.1038/s41557-021-00789-w	Prebiotic photoredox synthesis from carbon dioxide and sulfite	Liu Z,Wu L,Kufner C,Sasselov D,Fischer W,Sutherland J	2021			https://chemorigins.bact.wisc.edu/reactions/pbr-000202
pbr-000204	O=C([O-])C(O)C(O)C(=O)[O-].O=C([O-])[CH]O>>O=C([O-])C(O)C(O)(C(=O)[O-])C(O)C(=O)[O-]	glycolic acid + 2,3-dihydroxybutanedioic acid	1,2,3-trihydroxypropane-1,2,3-tricarboxylic acid	C2H4O3 + C4H6O6	C6H8O9	C(C(=O)O)O + C(C(C(=O)O)O)(C(=O)O)O	C(C(=O)O)(C(C(C(=O)O)O)(C(=O)O)O)O	pbc-000212		4.0				10.1038/s41557-021-00789-w	Prebiotic photoredox synthesis from carbon dioxide and sulfite	Liu Z,Wu L,Kufner C,Sasselov D,Fischer W,Sutherland J	2021			https://chemorigins.bact.wisc.edu/reactions/pbr-000204
pbr-000205	O=C([O-])C(O)C(O)C(=O)[O-].[CH]C(=O)[O-]>>O=C([O-])CC(O)(C(=O)[O-])C(O)C(=O)[O-]	Acetate + 2,3-dihydroxybutanedioic acid	hydroxycitric acid	C2H4O2 + C4H6O6	C6H8O8	CC(=O)O + C(C(C(=O)O)O)(C(=O)O)O	C(C(=O)O)C(C(C(=O)O)O)(C(=O)O)O	pbc-000213		4.0				10.1038/s41557-021-00789-w	Prebiotic photoredox synthesis from carbon dioxide and sulfite	Liu Z,Wu L,Kufner C,Sasselov D,Fischer W,Sutherland J	2021			https://chemorigins.bact.wisc.edu/reactions/pbr-000205
pbr-000206	O=C([O-])C(O)C(O)(C(=O)[O-])C(O)C(=O)[O-]>>O=C([O-])CC(O)(C(=O)[O-])C(O)C(=O)[O-]	1,2,3-trihydroxypropane-1,2,3-tricarboxylic acid	hydroxycitric acid	C6H8O9	C6H8O8	C(C(=O)O)(C(C(C(=O)O)O)(C(=O)O)O)O	C(C(=O)O)C(C(C(=O)O)O)(C(=O)O)O	pbc-000214		4.0				10.1038/s41557-021-00789-w	Prebiotic photoredox synthesis from carbon dioxide and sulfite	Liu Z,Wu L,Kufner C,Sasselov D,Fischer W,Sutherland J	2021			https://chemorigins.bact.wisc.edu/reactions/pbr-000206
pbr-000207	O=C([O-])CC(O)(C(=O)[O-])C(O)C(=O)[O-]>>O=C([O-])CC(O)(CC(=O)[O-])C(=O)[O-]	hydroxycitric acid	Citrate	C6H8O8	C6H8O7	C(C(=O)O)C(C(C(=O)O)O)(C(=O)O)O	C(C(=O)O)C(CC(=O)O)(C(=O)O)O	pbc-000215		4.0				10.1038/s41557-021-00789-w	Prebiotic photoredox synthesis from carbon dioxide and sulfite	Liu Z,Wu L,Kufner C,Sasselov D,Fischer W,Sutherland J	2021			https://chemorigins.bact.wisc.edu/reactions/pbr-000207
pbr-000208	O=C([O-])C(O)C(O)C(=O)[O-]>>O=C([O-])CC(O)C(=O)[O-]	2,3-dihydroxybutanedioic acid	(S)-Malate	C4H6O6	C4H6O5	C(C(C(=O)O)O)(C(=O)O)O	C(C(C(=O)O)O)C(=O)O	pbc-000216		4.0				10.1038/s41557-021-00789-w	Prebiotic photoredox synthesis from carbon dioxide and sulfite	Liu Z,Wu L,Kufner C,Sasselov D,Fischer W,Sutherland J	2021			https://chemorigins.bact.wisc.edu/reactions/pbr-000208
pbr-000209	O=C([O-])CC(O)C(=O)[O-]>>O=C([O-])CCC(=O)[O-]	(S)-Malate	Succinate	C4H6O5	C4H6O4	C(C(C(=O)O)O)C(=O)O	C(CC(=O)O)C(=O)O	pbc-000217		4.0				10.1038/s41557-021-00789-w	Prebiotic photoredox synthesis from carbon dioxide and sulfite	Liu Z,Wu L,Kufner C,Sasselov D,Fischer W,Sutherland J	2021			https://chemorigins.bact.wisc.edu/reactions/pbr-000209
pbr-000210	O=C([O-])CC(O)C(=O)[O-]>>O=C([O-])C[C](O)C(=O)[O-]	(S)-Malate	(S)-Malate	C4H6O5	C4H6O5	C(C(C(=O)O)O)C(=O)O	C(C(C(=O)O)O)C(=O)O	pbc-000218		4.0				10.1038/s41557-021-00789-w	Prebiotic photoredox synthesis from carbon dioxide and sulfite	Liu Z,Wu L,Kufner C,Sasselov D,Fischer W,Sutherland J	2021			https://chemorigins.bact.wisc.edu/reactions/pbr-000210
pbr-000211	O=C([O-])C[C](O)C(=O)[O-].O=C([O-])[CH]O>>O=C([O-])CC(O)(C(=O)[O-])C(O)C(=O)[O-]	glycolic acid + (S)-Malate	hydroxycitric acid	C2H4O3 + C4H6O5	C6H8O8	C(C(=O)O)O + C(C(C(=O)O)O)C(=O)O	C(C(=O)O)C(C(C(=O)O)O)(C(=O)O)O	pbc-000219		4.0				10.1038/s41557-021-00789-w	Prebiotic photoredox synthesis from carbon dioxide and sulfite	Liu Z,Wu L,Kufner C,Sasselov D,Fischer W,Sutherland J	2021			https://chemorigins.bact.wisc.edu/reactions/pbr-000211
pbr-000212	O=C([O-])C[C](O)C(=O)[O-].[CH2]C(=O)[O-]>>O=C([O-])CC(O)(CC(=O)[O-])C(=O)[O-]	Acetate + (S)-Malate	Citrate	C2H4O2 + C4H6O5	C6H8O7	CC(=O)O + C(C(C(=O)O)O)C(=O)O	C(C(=O)O)C(CC(=O)O)(C(=O)O)O	pbc-000220		4.0				10.1038/s41557-021-00789-w	Prebiotic photoredox synthesis from carbon dioxide and sulfite	Liu Z,Wu L,Kufner C,Sasselov D,Fischer W,Sutherland J	2021			https://chemorigins.bact.wisc.edu/reactions/pbr-000212
pbr-000213	[CH2]C(=O)[O-].[CH2]C(=O)[O-]>>O=C([O-])CCC(=O)[O-]	Acetate	Succinate	C2H4O2	C4H6O4	CC(=O)O	C(CC(=O)O)C(=O)O	pbc-000221		4.0			Ultraviolet radiation	10.1038/s41557-021-00789-w	Prebiotic photoredox synthesis from carbon dioxide and sulfite	Liu Z,Wu L,Kufner C,Sasselov D,Fischer W,Sutherland J	2021			https://chemorigins.bact.wisc.edu/reactions/pbr-000213
pbr-000214	[CH2]C(=O)[O-].[CH2]C(=O)[O-].O>>O=C([O-])CO.CC(=O)[O-]	H2O + Acetate	Acetate + glycolic acid	H2O + C2H4O2	C2H4O2 + C2H4O3	O + CC(=O)O	CC(=O)O + C(C(=O)O)O	pbc-000222		4.0				10.1038/s41557-021-00789-w	Prebiotic photoredox synthesis from carbon dioxide and sulfite	Liu Z,Wu L,Kufner C,Sasselov D,Fischer W,Sutherland J	2021	pbmdl-000003	Glycine-synthesis	https://chemorigins.bact.wisc.edu/reactions/pbr-000214
pbr-000215	Nc1ncco1.O=CC(O)CO>>N=C1N=CC(C(O)C(O)CO)O1	glyceraldehyde + 1,3-oxazol-2-amine	pbm-000194	C3H6O3 + C3H4N2O	C6H10N2O4	C(C(C=O)O)O + C1=COC(=N1)N	N=C1N=CC(C(O)C(O)CO)O1	pbc-000224	40.0	12.0				10.1002/ange.200601267	Direct Assembly of Nucleoside Precursors from Two‐ and Three‐Carbon Units	Anastasi C,Crowe M,Powner M,Sutherland J	2006	pbmdl-000010	Oxazole pathway	https://chemorigins.bact.wisc.edu/reactions/pbr-000215
pbr-000217	Nc1ncco1.O=CCO>>N=C1N=CC(C(O)CO)O1	Glycolaldehyde + 1,3-oxazol-2-amine	pbm-000196	C2H4O2 + C3H4N2O	C5H8N2O3	C(C=O)O + C1=COC(=N1)N	N=C1N=CC(C(O)CO)O1	pbc-000226	40.0	12.0				10.1002/ange.200601267	Direct Assembly of Nucleoside Precursors from Two‐ and Three‐Carbon Units	Anastasi C,Crowe M,Powner M,Sutherland J	2006	pbmdl-000010	Oxazole pathway	https://chemorigins.bact.wisc.edu/reactions/pbr-000217
pbr-000218	N=C1N=CC(C(O)CO)O1>>NC1=NC2OCC(O)C2O1	pbm-000196	pbm-000197	C5H8N2O3	C5H8N2O3	N=C1N=CC(C(O)CO)O1	NC1=NC2OCC(O)C2O1	pbc-000227	40.0	12.0				10.1002/ange.200601267	Direct Assembly of Nucleoside Precursors from Two‐ and Three‐Carbon Units	Anastasi C,Crowe M,Powner M,Sutherland J	2006	pbmdl-000010	Oxazole pathway	https://chemorigins.bact.wisc.edu/reactions/pbr-000218
pbr-000230	[HH].O=C=O>>O=C[O-]	CO2 + hydrogen	Formate	CO2 + H2	CH2O2	C(=O)=O + [HH]	C(=O)O	pbc-000253	100.0				Elemental Iron; Magnetite	10.1038/s41559-020-1125-6	A hydrogen-dependent geochemical analogue of primordial carbon and energy metabolism	Preiner M,Igarashi K,Muchowska K,Yu M,Varma S,Kleinermanns K,Nobu M,Kamagata Y,Tüysüz H,Moran J,Martin W	2020			https://chemorigins.bact.wisc.edu/reactions/pbr-000230
pbr-000230	[HH].O=C=O>>O=C[O-]	CO2 + hydrogen	Formate	CO2 + H2	CH2O2	C(=O)=O + [HH]	C(=O)O	pbc-000248	100.0				Magnetite	10.1038/s41559-020-1125-6	A hydrogen-dependent geochemical analogue of primordial carbon and energy metabolism	Preiner M,Igarashi K,Muchowska K,Yu M,Varma S,Kleinermanns K,Nobu M,Kamagata Y,Tüysüz H,Moran J,Martin W	2020			https://chemorigins.bact.wisc.edu/reactions/pbr-000230
pbr-000230	[HH].O=C=O>>O=C[O-]	CO2 + hydrogen	Formate	CO2 + H2	CH2O2	C(=O)=O + [HH]	C(=O)O	pbc-000247	20.0	16.0			Greigite	10.1038/s41559-020-1125-6	A hydrogen-dependent geochemical analogue of primordial carbon and energy metabolism	Preiner M,Igarashi K,Muchowska K,Yu M,Varma S,Kleinermanns K,Nobu M,Kamagata Y,Tüysüz H,Moran J,Martin W	2020			https://chemorigins.bact.wisc.edu/reactions/pbr-000230
pbr-000230	[HH].O=C=O>>O=C[O-]	CO2 + hydrogen	Formate	CO2 + H2	CH2O2	C(=O)=O + [HH]	C(=O)O	pbc-000246	100.0	16.0			Greigite	10.1038/s41559-020-1125-6	A hydrogen-dependent geochemical analogue of primordial carbon and energy metabolism	Preiner M,Igarashi K,Muchowska K,Yu M,Varma S,Kleinermanns K,Nobu M,Kamagata Y,Tüysüz H,Moran J,Martin W	2020			https://chemorigins.bact.wisc.edu/reactions/pbr-000230
pbr-000230	[HH].O=C=O>>O=C[O-]	CO2 + hydrogen	Formate	CO2 + H2	CH2O2	C(=O)=O + [HH]	C(=O)O	pbc-000243	100.0	16.0			Greigite	10.1038/s41559-020-1125-6	A hydrogen-dependent geochemical analogue of primordial carbon and energy metabolism	Preiner M,Igarashi K,Muchowska K,Yu M,Varma S,Kleinermanns K,Nobu M,Kamagata Y,Tüysüz H,Moran J,Martin W	2020			https://chemorigins.bact.wisc.edu/reactions/pbr-000230
pbr-000230	[HH].O=C=O>>O=C[O-]	CO2 + hydrogen	Formate	CO2 + H2	CH2O2	C(=O)=O + [HH]	C(=O)O	pbc-000241	100.0	16.0			Greigite	10.1038/s41559-020-1125-6	A hydrogen-dependent geochemical analogue of primordial carbon and energy metabolism	Preiner M,Igarashi K,Muchowska K,Yu M,Varma S,Kleinermanns K,Nobu M,Kamagata Y,Tüysüz H,Moran J,Martin W	2020			https://chemorigins.bact.wisc.edu/reactions/pbr-000230
pbr-000231	O=C=O.O>>O=C[O-]	H2O + CO2	Formate	H2O + CO2	CH2O2	O + C(=O)=O	C(=O)O	pbc-000242	100.0	16.0			Greigite	10.1038/s41559-020-1125-6	A hydrogen-dependent geochemical analogue of primordial carbon and energy metabolism	Preiner M,Igarashi K,Muchowska K,Yu M,Varma S,Kleinermanns K,Nobu M,Kamagata Y,Tüysüz H,Moran J,Martin W	2020	pbmdl-000009	C3-synth	https://chemorigins.bact.wisc.edu/reactions/pbr-000231
pbr-000232	O=C=O.O=C=O.[HH].[HH].[HH].[HH]>>CC(=O)[O-].O.O	hydrogen + CO2	H2O + Acetate	H2 + CO2	H2O + C2H4O2	[HH] + C(=O)=O	O + CC(=O)O	pbc-000255	100.0				Elemental Iron; Magnetite	10.1038/s41559-020-1125-6	A hydrogen-dependent geochemical analogue of primordial carbon and energy metabolism	Preiner M,Igarashi K,Muchowska K,Yu M,Varma S,Kleinermanns K,Nobu M,Kamagata Y,Tüysüz H,Moran J,Martin W	2020			https://chemorigins.bact.wisc.edu/reactions/pbr-000232
pbr-000232	O=C=O.O=C=O.[HH].[HH].[HH].[HH]>>CC(=O)[O-].O.O	hydrogen + CO2	H2O + Acetate	H2 + CO2	H2O + C2H4O2	[HH] + C(=O)=O	O + CC(=O)O	pbc-000249	100.0				Magnetite	10.1038/s41559-020-1125-6	A hydrogen-dependent geochemical analogue of primordial carbon and energy metabolism	Preiner M,Igarashi K,Muchowska K,Yu M,Varma S,Kleinermanns K,Nobu M,Kamagata Y,Tüysüz H,Moran J,Martin W	2020			https://chemorigins.bact.wisc.edu/reactions/pbr-000232
pbr-000232	O=C=O.O=C=O.[HH].[HH].[HH].[HH]>>CC(=O)[O-].O.O	hydrogen + CO2	H2O + Acetate	H2 + CO2	H2O + C2H4O2	[HH] + C(=O)=O	O + CC(=O)O	pbc-000245	100.0	16.0			Greigite	10.1038/s41559-020-1125-6	A hydrogen-dependent geochemical analogue of primordial carbon and energy metabolism	Preiner M,Igarashi K,Muchowska K,Yu M,Varma S,Kleinermanns K,Nobu M,Kamagata Y,Tüysüz H,Moran J,Martin W	2020			https://chemorigins.bact.wisc.edu/reactions/pbr-000232
pbr-000232	O=C=O.O=C=O.[HH].[HH].[HH].[HH]>>CC(=O)[O-].O.O	hydrogen + CO2	H2O + Acetate	H2 + CO2	H2O + C2H4O2	[HH] + C(=O)=O	O + CC(=O)O	pbc-000244	100.0	16.0			Greigite	10.1038/s41559-020-1125-6	A hydrogen-dependent geochemical analogue of primordial carbon and energy metabolism	Preiner M,Igarashi K,Muchowska K,Yu M,Varma S,Kleinermanns K,Nobu M,Kamagata Y,Tüysüz H,Moran J,Martin W	2020			https://chemorigins.bact.wisc.edu/reactions/pbr-000232
pbr-000233	[HH].[HH].[HH].O=C=O>>CO.O	CO2 + hydrogen	H2O + Methanol	CO2 + H2	H2O + CH4O	C(=O)=O + [HH]	O + CO	pbc-000256	100.0				Awaruite	10.1038/s41559-020-1125-6	A hydrogen-dependent geochemical analogue of primordial carbon and energy metabolism	Preiner M,Igarashi K,Muchowska K,Yu M,Varma S,Kleinermanns K,Nobu M,Kamagata Y,Tüysüz H,Moran J,Martin W	2020			https://chemorigins.bact.wisc.edu/reactions/pbr-000233
pbr-000233	[HH].[HH].[HH].O=C=O>>CO.O	CO2 + hydrogen	H2O + Methanol	CO2 + H2	H2O + CH4O	C(=O)=O + [HH]	O + CO	pbc-000254	100.0				Elemental Iron; Magnetite	10.1038/s41559-020-1125-6	A hydrogen-dependent geochemical analogue of primordial carbon and energy metabolism	Preiner M,Igarashi K,Muchowska K,Yu M,Varma S,Kleinermanns K,Nobu M,Kamagata Y,Tüysüz H,Moran J,Martin W	2020			https://chemorigins.bact.wisc.edu/reactions/pbr-000233
pbr-000233	[HH].[HH].[HH].O=C=O>>CO.O	CO2 + hydrogen	H2O + Methanol	CO2 + H2	H2O + CH4O	C(=O)=O + [HH]	O + CO	pbc-000250	100.0				Magnetite	10.1038/s41559-020-1125-6	A hydrogen-dependent geochemical analogue of primordial carbon and energy metabolism	Preiner M,Igarashi K,Muchowska K,Yu M,Varma S,Kleinermanns K,Nobu M,Kamagata Y,Tüysüz H,Moran J,Martin W	2020			https://chemorigins.bact.wisc.edu/reactions/pbr-000233
pbr-000234	[HH].[HH].[HH].[HH].[HH].O=C=O.O=C=O.O=C=O>>CC(=O)C(=O)[O-].O.O.O	CO2 + hydrogen	H2O + Pyruvate	CO2 + H2	H2O + C3H4O3	C(=O)=O + [HH]	O + CC(=O)C(=O)O	pbc-000257	100.0				Elemental Iron; Awaruite	10.1038/s41559-020-1125-6	A hydrogen-dependent geochemical analogue of primordial carbon and energy metabolism	Preiner M,Igarashi K,Muchowska K,Yu M,Varma S,Kleinermanns K,Nobu M,Kamagata Y,Tüysüz H,Moran J,Martin W	2020	pbmdl-000001	Alanine-synthesis	https://chemorigins.bact.wisc.edu/reactions/pbr-000234
pbr-000234	[HH].[HH].[HH].[HH].[HH].O=C=O.O=C=O.O=C=O>>CC(=O)C(=O)[O-].O.O.O	CO2 + hydrogen	H2O + Pyruvate	CO2 + H2	H2O + C3H4O3	C(=O)=O + [HH]	O + CC(=O)C(=O)O	pbc-000252	100.0				Elemental Iron; Magnetite	10.1038/s41559-020-1125-6	A hydrogen-dependent geochemical analogue of primordial carbon and energy metabolism	Preiner M,Igarashi K,Muchowska K,Yu M,Varma S,Kleinermanns K,Nobu M,Kamagata Y,Tüysüz H,Moran J,Martin W	2020	pbmdl-000001	Alanine-synthesis	https://chemorigins.bact.wisc.edu/reactions/pbr-000234
pbr-000234	[HH].[HH].[HH].[HH].[HH].O=C=O.O=C=O.O=C=O>>CC(=O)C(=O)[O-].O.O.O	CO2 + hydrogen	H2O + Pyruvate	CO2 + H2	H2O + C3H4O3	C(=O)=O + [HH]	O + CC(=O)C(=O)O	pbc-000251	100.0				Magnetite	10.1038/s41559-020-1125-6	A hydrogen-dependent geochemical analogue of primordial carbon and energy metabolism	Preiner M,Igarashi K,Muchowska K,Yu M,Varma S,Kleinermanns K,Nobu M,Kamagata Y,Tüysüz H,Moran J,Martin W	2020	pbmdl-000001	Alanine-synthesis	https://chemorigins.bact.wisc.edu/reactions/pbr-000234
pbr-000236	O=C([O-])/C=C/C(=O)[O-]>>O=C([O-])CCC(=O)[O-]	Fumarate	Succinate	C4H4O4	C4H6O4	C(=CC(=O)O)C(=O)O	C(CC(=O)O)C(=O)O	pbc-000259					Ferrous sulifde	10.1126/sciadv.aav7848	Metals likely promoted protometabolism in early ocean alkaline hydrothermal systems	Kitadai N,Nakamura R,Yamamoto M,Takai K,Yoshida N,Oono Y	2019			https://chemorigins.bact.wisc.edu/reactions/pbr-000236
pbr-000237	O=C([O-])CC(O)C(=O)[O-]>>O=C([O-])/C=C/C(=O)[O-].O	(S)-Malate	H2O + Fumarate	C4H6O5	H2O + C4H4O4	C(C(C(=O)O)O)C(=O)O	O + C(=CC(=O)O)C(=O)O	pbc-000260					Ferrous sulifde	10.1126/sciadv.aav7848	Metals likely promoted protometabolism in early ocean alkaline hydrothermal systems	Kitadai N,Nakamura R,Yamamoto M,Takai K,Yoshida N,Oono Y	2019			https://chemorigins.bact.wisc.edu/reactions/pbr-000237
pbr-000238	O=C(O)CC(=O)C(=O)O>>O=C([O-])CC(O)C(=O)[O-]	Oxaloacetate	(S)-Malate	C4H4O5	C4H6O5	C(C(=O)C(=O)O)C(=O)O	C(C(C(=O)O)O)C(=O)O	pbc-000261					Ferrous sulifde	10.1126/sciadv.aav7848	Metals likely promoted protometabolism in early ocean alkaline hydrothermal systems	Kitadai N,Nakamura R,Yamamoto M,Takai K,Yoshida N,Oono Y	2019			https://chemorigins.bact.wisc.edu/reactions/pbr-000238
pbr-000240	C(C(=O)O)N.C=O>>C(=O)C(=O)[O-]	Formaldehyde + Glycine	Glyoxylate	CH2O + C2H5NO2	C2H2O3	C=O + C(C(=O)O)N	C(=O)C(=O)O	pbc-000264	60.0	48.0				10.1055/s-0036-1588657	A Plausible Prebiotic Origin of Glyoxylate: Nonenzymatic Transamination Reactions of Glycine with Formaldehyde	Krishnamurthy R,Liotta C,Mohammed F,Chen K,Mojica M,Conley M,Napoline J,Butch C,Pollet P	2016			https://chemorigins.bact.wisc.edu/reactions/pbr-000240
pbr-000240	C(C(=O)O)N.C=O>>C(=O)C(=O)[O-]	Formaldehyde + Glycine	Glyoxylate	CH2O + C2H5NO2	C2H2O3	C=O + C(C(=O)O)N	C(=O)C(=O)O	pbc-000263	50.0	24.0				10.1055/s-0036-1588657	A Plausible Prebiotic Origin of Glyoxylate: Nonenzymatic Transamination Reactions of Glycine with Formaldehyde	Krishnamurthy R,Liotta C,Mohammed F,Chen K,Mojica M,Conley M,Napoline J,Butch C,Pollet P	2016			https://chemorigins.bact.wisc.edu/reactions/pbr-000240
pbr-000241	C(C(=O)O)N.C=O>>C(C(=O)[O-])NCO	Formaldehyde + Glycine	n-(hydroxymethyl)glycine	CH2O + C2H5NO2	C3H7NO3	C=O + C(C(=O)O)N	C(C(=O)O)NCO	pbc-000265	50.0	24.0				10.1055/s-0036-1588657	A Plausible Prebiotic Origin of Glyoxylate: Nonenzymatic Transamination Reactions of Glycine with Formaldehyde	Krishnamurthy R,Liotta C,Mohammed F,Chen K,Mojica M,Conley M,Napoline J,Butch C,Pollet P	2016			https://chemorigins.bact.wisc.edu/reactions/pbr-000241
pbr-000242	C(C(=O)[O-])NCO>>C=NCC(=O)[O-].O	n-(hydroxymethyl)glycine	H2O + n-methylene glycine	C3H7NO3	H2O + C3H5NO2	C(C(=O)O)NCO	O + C=NCC(=O)O	pbc-000266	50.0	24.0				10.1055/s-0036-1588657	A Plausible Prebiotic Origin of Glyoxylate: Nonenzymatic Transamination Reactions of Glycine with Formaldehyde	Krishnamurthy R,Liotta C,Mohammed F,Chen K,Mojica M,Conley M,Napoline J,Butch C,Pollet P	2016			https://chemorigins.bact.wisc.edu/reactions/pbr-000242
pbr-000243	C=NCC(=O)[O-]>>CN=C.C(=O)(O)[O-]	n-methylene glycine	carbonic acid + n-methyl methanimine	C3H5NO2	CH2O3 + C2H5N	C=NCC(=O)O	C(=O)(O)O + CN=C	pbc-000267	50.0	24.0				10.1055/s-0036-1588657	A Plausible Prebiotic Origin of Glyoxylate: Nonenzymatic Transamination Reactions of Glycine with Formaldehyde	Krishnamurthy R,Liotta C,Mohammed F,Chen K,Mojica M,Conley M,Napoline J,Butch C,Pollet P	2016			https://chemorigins.bact.wisc.edu/reactions/pbr-000243
pbr-000244	CN=C.O>>C=O.[C-]#N	H2O + n-methyl methanimine	hydrogen cyanide + Formaldehyde	H2O + C2H5N	CHN + CH2O	O + CN=C	C#N + C=O	pbc-000268	50.0	24.0				10.1055/s-0036-1588657	A Plausible Prebiotic Origin of Glyoxylate: Nonenzymatic Transamination Reactions of Glycine with Formaldehyde	Krishnamurthy R,Liotta C,Mohammed F,Chen K,Mojica M,Conley M,Napoline J,Butch C,Pollet P	2016			https://chemorigins.bact.wisc.edu/reactions/pbr-000244
pbr-000245	C=NCC(=O)[O-]>>CNCC(=O)O	n-methylene glycine	sarcosine	C3H5NO2	C3H7NO2	C=NCC(=O)O	CNCC(=O)O	pbc-000269	50.0	24.0				10.1055/s-0036-1588657	A Plausible Prebiotic Origin of Glyoxylate: Nonenzymatic Transamination Reactions of Glycine with Formaldehyde	Krishnamurthy R,Liotta C,Mohammed F,Chen K,Mojica M,Conley M,Napoline J,Butch C,Pollet P	2016			https://chemorigins.bact.wisc.edu/reactions/pbr-000245
pbr-000246	C=NCC(=O)[O-].C=O.O>>C(C(C(=O)O)N)O	H2O + Formaldehyde + n-methylene glycine	L-Serine	H2O + CH2O + C3H5NO2	C3H7NO3	O + C=O + C=NCC(=O)O	C(C(C(=O)O)N)O	pbc-000270	50.0	24.0				10.1055/s-0036-1588657	A Plausible Prebiotic Origin of Glyoxylate: Nonenzymatic Transamination Reactions of Glycine with Formaldehyde	Krishnamurthy R,Liotta C,Mohammed F,Chen K,Mojica M,Conley M,Napoline J,Butch C,Pollet P	2016	pbmdl-000002	Serine-synthesis	https://chemorigins.bact.wisc.edu/reactions/pbr-000246
pbr-000247	C(=O)C(=O)[O-].CN>>CNC(C(=O)[O-])O	methylamine + Glyoxylate	hydroxy(methylamino)acetic acid	CH5N + C2H2O3	C3H7NO3	CN + C(=O)C(=O)O	CNC(C(=O)O)O	pbc-000271	50.0	24.0				10.1055/s-0036-1588657	A Plausible Prebiotic Origin of Glyoxylate: Nonenzymatic Transamination Reactions of Glycine with Formaldehyde	Krishnamurthy R,Liotta C,Mohammed F,Chen K,Mojica M,Conley M,Napoline J,Butch C,Pollet P	2016			https://chemorigins.bact.wisc.edu/reactions/pbr-000247
pbr-000248	CNC(C(=O)[O-])O>>CN=CC(=O)[O-]	hydroxy(methylamino)acetic acid	(methylimino)acetic acid	C3H7NO3	C3H5NO2	CNC(C(=O)O)O	CN=CC(=O)O	pbc-000272	50.0	24.0				10.1055/s-0036-1588657	A Plausible Prebiotic Origin of Glyoxylate: Nonenzymatic Transamination Reactions of Glycine with Formaldehyde	Krishnamurthy R,Liotta C,Mohammed F,Chen K,Mojica M,Conley M,Napoline J,Butch C,Pollet P	2016			https://chemorigins.bact.wisc.edu/reactions/pbr-000248
pbr-000249	CN=CC(=O)[O-]>>C=NCC(=O)[O-]	(methylimino)acetic acid	n-methylene glycine	C3H5NO2	C3H5NO2	CN=CC(=O)O	C=NCC(=O)O	pbc-000273	50.0	24.0				10.1055/s-0036-1588657	A Plausible Prebiotic Origin of Glyoxylate: Nonenzymatic Transamination Reactions of Glycine with Formaldehyde	Krishnamurthy R,Liotta C,Mohammed F,Chen K,Mojica M,Conley M,Napoline J,Butch C,Pollet P	2016			https://chemorigins.bact.wisc.edu/reactions/pbr-000249
pbr-000250	CC(C(=O)[O-])O>>CC(=O)C(=O)[O-]	lactic acid	Pyruvate	C3H6O3	C3H4O3	CC(C(=O)O)O	CC(=O)C(=O)O	pbc-000274						10.1126/sciadv.abh3981	A cyanosulfidic origin of the Krebs cycle	Ritson D	2021	pbmdl-000001	Alanine-synthesis	https://chemorigins.bact.wisc.edu/reactions/pbr-000250
pbr-000251	C(C(=O)O)O>>C(=O)C(=O)[O-]	glycolic acid	Glyoxylate	C2H4O3	C2H2O3	C(C(=O)O)O	C(=O)C(=O)O	pbc-000275						10.1126/sciadv.abh3981	A cyanosulfidic origin of the Krebs cycle	Ritson D	2021			https://chemorigins.bact.wisc.edu/reactions/pbr-000251
pbr-000252	C(C(=O)C(=O)[O-])C(=O)[O-]>>C(C(=O)[O-])C(=O)[O-]	Oxaloacetate	malonic acid	C4H4O5	C3H4O4	C(C(=O)C(=O)O)C(=O)O	C(C(=O)O)C(=O)O	pbc-000285		1.0				10.1126/sciadv.abh3981	A cyanosulfidic origin of the Krebs cycle	Ritson D	2021			https://chemorigins.bact.wisc.edu/reactions/pbr-000252
pbr-000252	C(C(=O)C(=O)[O-])C(=O)[O-]>>C(C(=O)[O-])C(=O)[O-]	Oxaloacetate	malonic acid	C4H4O5	C3H4O4	C(C(=O)C(=O)O)C(=O)O	C(C(=O)O)C(=O)O	pbc-000278						10.1126/sciadv.abh3981	A cyanosulfidic origin of the Krebs cycle	Ritson D	2021			https://chemorigins.bact.wisc.edu/reactions/pbr-000252
pbr-000253	C(CC(=O)O)C(C(=O)O)O>>C(CC(=O)O)C(=O)C(=O)O	2-hydroxyglutaric acid	2-Oxoglutarate	C5H8O5	C5H6O5	C(CC(=O)O)C(C(=O)O)O	C(CC(=O)O)C(=O)C(=O)O	pbc-000279						10.1126/sciadv.abh3981	A cyanosulfidic origin of the Krebs cycle	Ritson D	2021	pbmdl-000004	Glutamate-synthesis	https://chemorigins.bact.wisc.edu/reactions/pbr-000253
pbr-000254	C(CC(=O)O)C(=O)C(=O)O>>C(CC(=O)[O-])C(=O)[O-]	2-Oxoglutarate	Succinate	C5H6O5	C4H6O4	C(CC(=O)O)C(=O)C(=O)O	C(CC(=O)O)C(=O)O	pbc-000280						10.1126/sciadv.abh3981	A cyanosulfidic origin of the Krebs cycle	Ritson D	2021			https://chemorigins.bact.wisc.edu/reactions/pbr-000254
pbr-000255	C(CC(=O)O)C(=O)C(=O)O>>C(CC(=O)O)C=O	2-Oxoglutarate	succinic semialdehyde	C5H6O5	C4H6O3	C(CC(=O)O)C(=O)C(=O)O	C(CC(=O)O)C=O	pbc-000281		4.0				10.1126/sciadv.abh3981	A cyanosulfidic origin of the Krebs cycle	Ritson D	2021			https://chemorigins.bact.wisc.edu/reactions/pbr-000255
pbr-000256	C(CC(=O)O)C(=O)C(=O)O>>CCC(=O)[O-]	2-Oxoglutarate	propionic acid	C5H6O5	C3H6O2	C(CC(=O)O)C(=O)C(=O)O	CCC(=O)O	pbc-000282		4.0				10.1126/sciadv.abh3981	A cyanosulfidic origin of the Krebs cycle	Ritson D	2021			https://chemorigins.bact.wisc.edu/reactions/pbr-000256
pbr-000257	C(CC(=O)O)C(C(=O)O)O>>C(CC(=O)O)C=O	2-hydroxyglutaric acid	succinic semialdehyde	C5H8O5	C4H6O3	C(CC(=O)O)C(C(=O)O)O	C(CC(=O)O)C=O	pbc-000283		10.0				10.1126/sciadv.abh3981	A cyanosulfidic origin of the Krebs cycle	Ritson D	2021			https://chemorigins.bact.wisc.edu/reactions/pbr-000257
pbr-000258	C(C(=O)C(=O)[O-])C(=O)[O-]>>C(C(=O)[O-])C(CC(=O)[O-])(C(=O)[O-])O	Oxaloacetate	Citrate	C4H4O5	C6H8O7	C(C(=O)C(=O)O)C(=O)O	C(C(=O)O)C(CC(=O)O)(C(=O)O)O	pbc-000284		1.0				10.1126/sciadv.abh3981	A cyanosulfidic origin of the Krebs cycle	Ritson D	2021			https://chemorigins.bact.wisc.edu/reactions/pbr-000258
pbr-000259	C(C(=O)C(=O)[O-])C(=O)[O-]>>CC(=O)C(=O)[O-]	Oxaloacetate	Pyruvate	C4H4O5	C3H4O3	C(C(=O)C(=O)O)C(=O)O	CC(=O)C(=O)O	pbc-000286		1.0				10.1126/sciadv.abh3981	A cyanosulfidic origin of the Krebs cycle	Ritson D	2021	pbmdl-000001	Alanine-synthesis	https://chemorigins.bact.wisc.edu/reactions/pbr-000259
pbr-000260	C(C(=O)C(=O)[O-])C(=O)[O-]>>CC(=O)[O-]	Oxaloacetate	Acetate	C4H4O5	C2H4O2	C(C(=O)C(=O)O)C(=O)O	CC(=O)O	pbc-000287		1.0				10.1126/sciadv.abh3981	A cyanosulfidic origin of the Krebs cycle	Ritson D	2021			https://chemorigins.bact.wisc.edu/reactions/pbr-000260
pbr-000261	CC(C(=O)[O-])O.[C-]#N>>C(C#N)O	hydrogen cyanide + lactic acid	glycolonitrile	CHN + C3H6O3	C2H3NO	C#N + CC(C(=O)O)O	C(C#N)O	pbc-000288						10.1126/sciadv.abh3981	A cyanosulfidic origin of the Krebs cycle	Ritson D	2021			https://chemorigins.bact.wisc.edu/reactions/pbr-000261
pbr-000262	C(C#N)O.S>>CC(=S)N	hydrogen sulfide + glycolonitrile	thioacetamide	H2S + C2H3NO	C2H5NS	S + C(C#N)O	CC(=S)N	pbc-000291						10.1038/s41467-018-04147-2	Mimicking the surface and prebiotic chemistry of early Earth using flow chemistry	Ritson D,Battilocchio C,Ley S,Sutherland J	2018			https://chemorigins.bact.wisc.edu/reactions/pbr-000262
pbr-000264	C(C=O)O.N>>C1=COC(=N1)N	Ammonia + Glycolaldehyde	1,3-oxazol-2-amine	H3N + C2H4O2	C3H4N2O	N + C(C=O)O	C1=COC(=N1)N	pbc-000293	100.0					10.1038/s41467-018-04147-2	Mimicking the surface and prebiotic chemistry of early Earth using flow chemistry	Ritson D,Battilocchio C,Ley S,Sutherland J	2018	pbmdl-000010	Oxazole pathway	https://chemorigins.bact.wisc.edu/reactions/pbr-000264
pbr-000265	C(C=O)O.C=O.N.O>>C(C(=O)CO)O	H2O + Ammonia + Formaldehyde + Glycolaldehyde	dihydroxyacetone	H2O + H3N + CH2O + C2H4O2	C3H6O3	O + N + C=O + C(C=O)O	C(C(=O)CO)O	pbc-000295						10.1038/s41467-018-04147-2	Mimicking the surface and prebiotic chemistry of early Earth using flow chemistry	Ritson D,Battilocchio C,Ley S,Sutherland J	2018			https://chemorigins.bact.wisc.edu/reactions/pbr-000265
pbr-000266	C(O)OS(=O)O.N>>C1=COC(=N1)N	Ammonia + hydroxymethyl hydrogen sulfite	1,3-oxazol-2-amine	H3N + CH4O4S	C3H4N2O	N + C(O)OS(=O)O	C1=COC(=N1)N	pbc-000296	100.0					10.1038/s41467-018-04147-2	Mimicking the surface and prebiotic chemistry of early Earth using flow chemistry	Ritson D,Battilocchio C,Ley S,Sutherland J	2018	pbmdl-000010	Oxazole pathway	https://chemorigins.bact.wisc.edu/reactions/pbr-000266
pbr-000267	C(O)OS(=O)O.C(#N)N>>C1=COC(=N1)N	cyanamide + hydroxymethyl hydrogen sulfite	1,3-oxazol-2-amine	CH2N2 + CH4O4S	C3H4N2O	C(#N)N + C(O)OS(=O)O	C1=COC(=N1)N	pbc-000297					Ca(OH)2	10.1038/s41467-018-04147-2	Mimicking the surface and prebiotic chemistry of early Earth using flow chemistry	Ritson D,Battilocchio C,Ley S,Sutherland J	2018	pbmdl-000010	Oxazole pathway	https://chemorigins.bact.wisc.edu/reactions/pbr-000267
pbr-000268	C(O)OS(=O)O.C=O.N.O>>C(C(=O)CO)O	H2O + Ammonia + Formaldehyde + hydroxymethyl hydrogen sulfite	dihydroxyacetone	H2O + H3N + CH2O + CH4O4S	C3H6O3	O + N + C=O + C(O)OS(=O)O	C(C(=O)CO)O	pbc-000298						10.1038/s41467-018-04147-2	Mimicking the surface and prebiotic chemistry of early Earth using flow chemistry	Ritson D,Battilocchio C,Ley S,Sutherland J	2018			https://chemorigins.bact.wisc.edu/reactions/pbr-000268
pbr-000269	C(C=O)O.OS(=O)[O-].C(#N)N>>C1=COC(=N1)N	cyanamide + Sulfite + Glycolaldehyde	1,3-oxazol-2-amine	CH2N2 + H2O3S + C2H4O2	C3H4N2O	C(#N)N + OS(=O)O + C(C=O)O	C1=COC(=N1)N	pbc-000299						10.1038/s41467-018-04147-2	Mimicking the surface and prebiotic chemistry of early Earth using flow chemistry	Ritson D,Battilocchio C,Ley S,Sutherland J	2018	pbmdl-000010	Oxazole pathway	https://chemorigins.bact.wisc.edu/reactions/pbr-000269
pbr-000270	C(C(=O)C(=O)[O-])C(=O)[O-].OO>>C(C(=O)[O-])C(=O)[O-].C(=O)=O.O	hydrogen peroxide + Oxaloacetate	H2O + CO2 + malonic acid	H2O2 + C4H4O5	H2O + CO2 + C3H4O4	OO + C(C(=O)C(=O)O)C(=O)O	O + C(=O)=O + C(C(=O)O)C(=O)O	pbc-000300	50.0	48.0				10.1038/s41467-017-02591-0	Linked cycles of oxidative decarboxylation of glyoxylate as protometabolic analogs of the citric acid cycle	Springsteen G,Yerabolu J,Nelson J,Rhea C,Krishnamurthy R	2018			https://chemorigins.bact.wisc.edu/reactions/pbr-000270
pbr-000271	C(C(=O)[O-])C(=O)[O-].C(=O)C(=O)[O-]>>CC(C)C(C(C(=O)O)O)C(=O)O	Glyoxylate + malonic acid	(2R,3S)-3-Isopropylmalate	C2H2O3 + C3H4O4	C7H12O5	C(=O)C(=O)O + C(C(=O)O)C(=O)O	CC(C)C(C(C(=O)O)O)C(=O)O	pbc-000301	50.0	24.0				10.1038/s41467-017-02591-0	Linked cycles of oxidative decarboxylation of glyoxylate as protometabolic analogs of the citric acid cycle	Springsteen G,Yerabolu J,Nelson J,Rhea C,Krishnamurthy R	2018			https://chemorigins.bact.wisc.edu/reactions/pbr-000271
pbr-000272	CC(C)C(C(C(=O)O)O)C(=O)O.OO>>C(C(C(=O)[O-])C(=O)[O-])(=O)C(=O)[O-].O	hydrogen peroxide + (2R,3S)-3-Isopropylmalate	H2O + 2-oxoethane-1,1,2-tricarboxylic acid	H2O2 + C7H12O5	H2O + C5H4O7	OO + CC(C)C(C(C(=O)O)O)C(=O)O	O + C(C(=O)C(=O)O)(C(=O)O)C(=O)O	pbc-000302	50.0	48.0				10.1038/s41467-017-02591-0	Linked cycles of oxidative decarboxylation of glyoxylate as protometabolic analogs of the citric acid cycle	Springsteen G,Yerabolu J,Nelson J,Rhea C,Krishnamurthy R	2018			https://chemorigins.bact.wisc.edu/reactions/pbr-000272
pbr-000273	C(C(C(=O)[O-])C(=O)[O-])(=O)C(=O)[O-]>>C(C(=O)C(=O)O)C(=O)O.C(=O)=O	2-oxoethane-1,1,2-tricarboxylic acid	CO2 + Oxaloacetate	C5H4O7	CO2 + C4H4O5	C(C(=O)C(=O)O)(C(=O)O)C(=O)O	C(=O)=O + C(C(=O)C(=O)O)C(=O)O	pbc-000303	50.0	48.0				10.1038/s41467-017-02591-0	Linked cycles of oxidative decarboxylation of glyoxylate as protometabolic analogs of the citric acid cycle	Springsteen G,Yerabolu J,Nelson J,Rhea C,Krishnamurthy R	2018			https://chemorigins.bact.wisc.edu/reactions/pbr-000273
pbr-000274	C(C(=O)C(=O)[O-])C(=O)[O-].C(=O)C(=O)[O-]>>C(C(C(=O)O)O)(C(=O)C(=O)O)C(=O)O	Glyoxylate + Oxaloacetate	3-oxalomalic acid	C2H2O3 + C4H4O5	C6H6O8	C(=O)C(=O)O + C(C(=O)C(=O)O)C(=O)O	C(C(C(=O)O)O)(C(=O)C(=O)O)C(=O)O	pbc-000306	23.0	3.0				10.1038/s41467-017-02591-0	Linked cycles of oxidative decarboxylation of glyoxylate as protometabolic analogs of the citric acid cycle	Springsteen G,Yerabolu J,Nelson J,Rhea C,Krishnamurthy R	2018			https://chemorigins.bact.wisc.edu/reactions/pbr-000274
pbr-000274	C(C(=O)C(=O)[O-])C(=O)[O-].C(=O)C(=O)[O-]>>C(C(C(=O)O)O)(C(=O)C(=O)O)C(=O)O	Glyoxylate + Oxaloacetate	3-oxalomalic acid	C2H2O3 + C4H4O5	C6H6O8	C(=O)C(=O)O + C(C(=O)C(=O)O)C(=O)O	C(C(C(=O)O)O)(C(=O)C(=O)O)C(=O)O	pbc-000304	23.0	3.0				10.1038/s41467-017-02591-0	Linked cycles of oxidative decarboxylation of glyoxylate as protometabolic analogs of the citric acid cycle	Springsteen G,Yerabolu J,Nelson J,Rhea C,Krishnamurthy R	2018			https://chemorigins.bact.wisc.edu/reactions/pbr-000274
pbr-000275	C(C(C(=O)O)O)(C(=O)C(=O)O)C(=O)O>>C(C(C(=O)[O-])O)C(=O)C(=O)[O-].C(=O)=O	3-oxalomalic acid	CO2 + 4-hydroxy-2-oxoglutaric acid	C6H6O8	CO2 + C5H6O6	C(C(C(=O)O)O)(C(=O)C(=O)O)C(=O)O	C(=O)=O + C(C(C(=O)O)O)C(=O)C(=O)O	pbc-000307	23.0	3.0				10.1038/s41467-017-02591-0	Linked cycles of oxidative decarboxylation of glyoxylate as protometabolic analogs of the citric acid cycle	Springsteen G,Yerabolu J,Nelson J,Rhea C,Krishnamurthy R	2018	pbmdl-000004	Glutamate-synthesis	https://chemorigins.bact.wisc.edu/reactions/pbr-000275
pbr-000275	C(C(C(=O)O)O)(C(=O)C(=O)O)C(=O)O>>C(C(C(=O)[O-])O)C(=O)C(=O)[O-].C(=O)=O	3-oxalomalic acid	CO2 + 4-hydroxy-2-oxoglutaric acid	C6H6O8	CO2 + C5H6O6	C(C(C(=O)O)O)(C(=O)C(=O)O)C(=O)O	C(=O)=O + C(C(C(=O)O)O)C(=O)C(=O)O	pbc-000305	23.0	3.0				10.1038/s41467-017-02591-0	Linked cycles of oxidative decarboxylation of glyoxylate as protometabolic analogs of the citric acid cycle	Springsteen G,Yerabolu J,Nelson J,Rhea C,Krishnamurthy R	2018	pbmdl-000004	Glutamate-synthesis	https://chemorigins.bact.wisc.edu/reactions/pbr-000275
pbr-000276	C(C(C(=O)[O-])O)C(=O)C(=O)[O-].OO>>O.C(=O)=O.C(C(C(=O)O)O)C(=O)O	hydrogen peroxide + 4-hydroxy-2-oxoglutaric acid	(S)-Malate + CO2 + H2O	H2O2 + C5H6O6	C4H6O5 + CO2 + H2O	OO + C(C(C(=O)O)O)C(=O)C(=O)O	C(C(C(=O)O)O)C(=O)O + C(=O)=O + O	pbc-000308	23.0	0.5				10.1038/s41467-017-02591-0	Linked cycles of oxidative decarboxylation of glyoxylate as protometabolic analogs of the citric acid cycle	Springsteen G,Yerabolu J,Nelson J,Rhea C,Krishnamurthy R	2018			https://chemorigins.bact.wisc.edu/reactions/pbr-000276
pbr-000277	C(C(C(=O)O)O)C(=O)O.OO>>O.C(C(=O)C(=O)O)C(=O)O	hydrogen peroxide + (S)-Malate	Oxaloacetate + H2O	H2O2 + C4H6O5	C4H4O5 + H2O	OO + C(C(C(=O)O)O)C(=O)O	C(C(=O)C(=O)O)C(=O)O + O	pbc-000309	50.0	0.5				10.1038/s41467-017-02591-0	Linked cycles of oxidative decarboxylation of glyoxylate as protometabolic analogs of the citric acid cycle	Springsteen G,Yerabolu J,Nelson J,Rhea C,Krishnamurthy R	2018			https://chemorigins.bact.wisc.edu/reactions/pbr-000277
pbr-000278	CC(C)C(C(C(=O)O)O)C(=O)O>>C(=C(C(=O)[O-])C(=O)[O-])C(=O)[O-].O	(2R,3S)-3-Isopropylmalate	H2O + ethylenetricarboxylic acid	C7H12O5	H2O + C5H4O6	CC(C)C(C(C(=O)O)O)C(=O)O	O + C(=C(C(=O)O)C(=O)O)C(=O)O	pbc-000311						10.1038/s41467-017-02591-0	Linked cycles of oxidative decarboxylation of glyoxylate as protometabolic analogs of the citric acid cycle	Springsteen G,Yerabolu J,Nelson J,Rhea C,Krishnamurthy R	2018			https://chemorigins.bact.wisc.edu/reactions/pbr-000278
pbr-000279	C(C(=O)[O-])C(=O)[O-].C(C(=O)[O-])(N)O>>C(C(C(=O)[O-])C(=O)[O-])(C(=O)[O-])N	aminohydroxyacetic acid + malonic acid	beta-carboxyaspartic acid	C2H5NO3 + C3H4O4	C5H7NO6	C(C(=O)O)(N)O + C(C(=O)O)C(=O)O	C(C(C(=O)O)N)(C(=O)O)C(=O)O	pbc-000312						10.1038/s41467-017-02591-0	Linked cycles of oxidative decarboxylation of glyoxylate as protometabolic analogs of the citric acid cycle	Springsteen G,Yerabolu J,Nelson J,Rhea C,Krishnamurthy R	2018			https://chemorigins.bact.wisc.edu/reactions/pbr-000279
pbr-000280	C(C(C(=O)[O-])C(=O)[O-])(C(=O)[O-])N>>C(C(C(=O)O)N)C(=O)O.C(=O)=O	beta-carboxyaspartic acid	CO2 + L-Aspartate	C5H7NO6	CO2 + C4H7NO4	C(C(C(=O)O)N)(C(=O)O)C(=O)O	C(=O)=O + C(C(C(=O)O)N)C(=O)O	pbc-000313	60.0	5.0				10.1038/s41467-017-02591-0	Linked cycles of oxidative decarboxylation of glyoxylate as protometabolic analogs of the citric acid cycle	Springsteen G,Yerabolu J,Nelson J,Rhea C,Krishnamurthy R	2018			https://chemorigins.bact.wisc.edu/reactions/pbr-000280
pbr-000281	CC(=O)C(=O)[O-].NO.O>>C[C@H](N)C(=O)O	H2O + hydroxylamine + Pyruvate	L-Alanine	H2O + H3NO + C3H4O3	C3H7NO2	O + NO + CC(=O)C(=O)O	CC(C(=O)O)N	pbc-000024	70.0				Elemental Iron; Ferrous iron	10.1038/s41586-019-1151-1	Synthesis and breakdown of universal metabolic precursors promoted by iron	Muchowska K,Varma S,Moran J	2019	pbmdl-000001	Alanine-synthesis	https://chemorigins.bact.wisc.edu/reactions/pbr-000281
pbr-000282	N[C@@H](CCC(=O)O)C(=O)O>>C(CC(=O)O)CN.O=C=O	L-Glutamate	CO2 + gamma-aminobutyric acid	C5H9NO4	CO2 + C4H9NO2	C(CC(=O)O)C(C(=O)O)N	C(=O)=O + C(CC(=O)O)CN	pbc-000153						10.1016/0016-7037(64)90147-4	Biogeochemistry of organic matter—II Thermal reaction kinetics and transformation products of amino compounds	Vallentyne J	1964			https://chemorigins.bact.wisc.edu/reactions/pbr-000282
pbr-000283	C[C@H](N)C(=O)O>>CCN.O=C=O	L-Alanine	CO2 + ethylamine	C3H7NO2	CO2 + C2H7N	CC(C(=O)O)N	C(=O)=O + CCN	pbc-000207						10.1002/kin.10045	Spectroscopy of hydrothermal reactions, 19: pH and salt dependence of decarboxylation of α‐alanine at 280–330°C in an FT‐IR spectroscopy flow reactor	Li J,Wang X,Klein M,Brill T	2002			https://chemorigins.bact.wisc.edu/reactions/pbr-000283
pbr-000283	C[C@H](N)C(=O)O>>CCN.O=C=O	L-Alanine	CO2 + ethylamine	C3H7NO2	CO2 + C2H7N	CC(C(=O)O)N	C(=O)=O + CCN	pbc-000155						10.1016/0016-7037(64)90147-4	Biogeochemistry of organic matter—II Thermal reaction kinetics and transformation products of amino compounds	Vallentyne J	1964			https://chemorigins.bact.wisc.edu/reactions/pbr-000283
pbr-000284	C[C@@H](O)[C@H](N)C(=O)O>>NCC(=O)O	L-Threonine	Glycine	C4H9NO3	C2H5NO2	CC(C(C(=O)O)N)O	C(C(=O)O)N	pbc-000156						10.1016/0016-7037(64)90147-4	Biogeochemistry of organic matter—II Thermal reaction kinetics and transformation products of amino compounds	Vallentyne J	1964	pbmdl-000003	Glycine-synthesis	https://chemorigins.bact.wisc.edu/reactions/pbr-000284
pbr-000285	N[C@@H](CCC(=O)O)C(=O)O>>COC(=O)CCN=C=O	L-Glutamate	methyl 3-isocyanatopropanoate	C5H9NO4	C5H7NO3	C(CC(=O)O)C(C(=O)O)N	COC(=O)CCN=C=O	pbc-000157						10.1016/0016-7037(64)90089-4	Thermal reaction kinetics of the glutamic acid-pyroglutamic acid system in water	Povoledo D,Vallentyne J	1964			https://chemorigins.bact.wisc.edu/reactions/pbr-000285
pbr-000286	NC(=O)C[C@H](N)C(=O)O.O>>NCC(=O)O.NCC(=O)O	H2O + L-Asparagine	Glycine	H2O + C4H8N2O3	C2H5NO2	O + C(C(C(=O)O)N)C(=O)N	C(C(=O)O)N	pbc-000160						10.1016/0016-7037(93)90540-D	Kinetics of peptide hydrolysis and amino acid decomposition at high temperature	Qian Y,Engel M,Macko S,Carpenter S,Deming J	1993	pbmdl-000003	Glycine-synthesis	https://chemorigins.bact.wisc.edu/reactions/pbr-000286
pbr-000287	N[C@@H](CC(=O)O)C(=O)O>>O=C(O)C=CC(=O)O.N	L-Aspartate	Ammonia + Fumarate	C4H7NO4	H3N + C4H4O4	C(C(C(=O)O)N)C(=O)O	N + C(=CC(=O)O)C(=O)O	pbc-000161						10.1007/BF01581577	The stability of amino acids at submarine hydrothermal vent temperatures	Bada J,Miller S,Zhao M	1995			https://chemorigins.bact.wisc.edu/reactions/pbr-000287
pbr-000288	N[C@H](CO)C(=O)O>>NCC(=O)O.C=O	L-Serine	Formaldehyde + Glycine	C3H7NO3	CH2O + C2H5NO2	C(C(C(=O)O)N)O	C=O + C(C(=O)O)N	pbc-000162						10.1016/0012-821X(78)90042-0	Decomposition of hydroxy amino acids in foraminiferal tests; kinetics, mechanism and geochronological implications	Bada J,Shou M,Man E,Schroeder R	1978	pbmdl-000003	Glycine-synthesis	https://chemorigins.bact.wisc.edu/reactions/pbr-000288
pbr-000289	N[C@H](CO)C(=O)O>>NCCO.O=C=O	L-Serine	CO2 + ethanolamine	C3H7NO3	CO2 + C2H7NO	C(C(C(=O)O)N)O	C(=O)=O + C(CO)N	pbc-000163						10.1016/0012-821X(78)90042-0	Decomposition of hydroxy amino acids in foraminiferal tests; kinetics, mechanism and geochronological implications	Bada J,Shou M,Man E,Schroeder R	1978			https://chemorigins.bact.wisc.edu/reactions/pbr-000289
pbr-000290	C[C@@H](O)[C@H](N)C(=O)O>>NCC(=O)O.C1CO1	L-Threonine	ethylene oxide + Glycine	C4H9NO3	C2H4O + C2H5NO2	CC(C(C(=O)O)N)O	C1CO1 + C(C(=O)O)N	pbc-000164						10.1016/0012-821X(78)90042-0	Decomposition of hydroxy amino acids in foraminiferal tests; kinetics, mechanism and geochronological implications	Bada J,Shou M,Man E,Schroeder R	1978	pbmdl-000003	Glycine-synthesis	https://chemorigins.bact.wisc.edu/reactions/pbr-000290
pbr-000291	C[C@@H](O)[C@H](N)C(=O)O>>NCCCC(=O)O.O	L-Threonine	H2O + gamma-aminobutyric acid	C4H9NO3	H2O + C4H9NO2	CC(C(C(=O)O)N)O	O + C(CC(=O)O)CN	pbc-000165						10.1016/0012-821X(78)90042-0	Decomposition of hydroxy amino acids in foraminiferal tests; kinetics, mechanism and geochronological implications	Bada J,Shou M,Man E,Schroeder R	1978			https://chemorigins.bact.wisc.edu/reactions/pbr-000291
pbr-000292	C[C@@H](O)[C@H](N)C(=O)O>>C[C@H]([NH3+])CO.O=C=O	L-Threonine	CO2 + dl-alaninol	C4H9NO3	CO2 + C3H9NO	CC(C(C(=O)O)N)O	C(=O)=O + CC(CO)N	pbc-000166						10.1016/0012-821X(78)90042-0	Decomposition of hydroxy amino acids in foraminiferal tests; kinetics, mechanism and geochronological implications	Bada J,Shou M,Man E,Schroeder R	1978			https://chemorigins.bact.wisc.edu/reactions/pbr-000292
pbr-000293	C[C@H](N)C(=O)O>>CNC.O=C=O	L-Alanine	CO2 + dimethylamine	C3H7NO2	CO2 + C2H7N	CC(C(=O)O)N	C(=O)=O + CNC	pbc-000168						10.1016/j.supflu.2007.04.008	Hydrothermal reactions of alanine and glycine in sub- and supercritical water	Klingler D,Berg J,Vogel H	2007			https://chemorigins.bact.wisc.edu/reactions/pbr-000293
pbr-000294	C[C@H](N)C(=O)O.O>>CC(O)C(=O)O.N	H2O + L-Alanine	Ammonia + lactic acid	H2O + C3H7NO2	H3N + C3H6O3	O + CC(C(=O)O)N	N + CC(C(=O)O)O	pbc-000169						10.1016/j.supflu.2007.04.008	Hydrothermal reactions of alanine and glycine in sub- and supercritical water	Klingler D,Berg J,Vogel H	2007			https://chemorigins.bact.wisc.edu/reactions/pbr-000294
pbr-000295	C[C@H](N)C(=O)O.O>>CC(=O)O.O=C=O.N.[HH].[HH]	H2O + L-Alanine	hydrogen + Ammonia + CO2 + Acetate	H2O + C3H7NO2	H2 + H3N + CO2 + C2H4O2	O + CC(C(=O)O)N	[HH] + N + C(=O)=O + CC(=O)O	pbc-000177						10.1016/j.gca.2012.11.008	The influence of minerals on decomposition of the n-alkyl-α-amino acid norvaline under hydrothermal conditions	McCollom T	2013			https://chemorigins.bact.wisc.edu/reactions/pbr-000295
pbr-000296	C[C@H](N)C(=O)O.[HH]>>CCOC=O.N	hydrogen + L-Alanine	Ammonia + ethyl formate	H2 + C3H7NO2	H3N + C3H6O2	[HH] + CC(C(=O)O)N	N + CCOC=O	pbc-000178						10.1016/j.gca.2012.11.008	The influence of minerals on decomposition of the n-alkyl-α-amino acid norvaline under hydrothermal conditions	McCollom T	2013			https://chemorigins.bact.wisc.edu/reactions/pbr-000296
pbr-000297	N[C@@H](CCC(=O)O)C(=O)O>>C1CC(=O)NC1C(=O)O	L-Glutamate	dl-pyroglutamic acid	C5H9NO4	C5H7NO3	C(CC(=O)O)C(C(=O)O)N	C1CC(=O)NC1C(=O)O	pbc-000181						10.1016/j.gca.2014.02.043	The effects of temperature, pH and redox state on the stability of glutamic acid in hydrothermal fluids	Lee N,Foustoukos D,Sverjensky D,Cody G,Hazen R	2014			https://chemorigins.bact.wisc.edu/reactions/pbr-000297
pbr-000298	N[C@@H](CCC(=O)O)C(=O)O>>O=C(O)[C@@H]1C[C@@H](C(=O)O)N1.[HH]	L-Glutamate	hydrogen + (2r,4r)-azetidine-2,4-dicarboxylic acid-rel-	C5H9NO4	H2 + C5H7NO4	C(CC(=O)O)C(C(=O)O)N	[HH] + C1C(NC1C(=O)O)C(=O)O	pbc-000186						10.1016/j.gca.2014.02.043	The effects of temperature, pH and redox state on the stability of glutamic acid in hydrothermal fluids	Lee N,Foustoukos D,Sverjensky D,Cody G,Hazen R	2014			https://chemorigins.bact.wisc.edu/reactions/pbr-000298
pbr-000299	O=C(O)[C@@H]1C[C@@H](C(=O)O)N1.O>>O=C(O)CN(CCO)CC(=O)O	H2O + (2r,4r)-azetidine-2,4-dicarboxylic acid-rel-	n-(2-hydroxyethyl)iminodiacetic acid	H2O + C5H7NO4	C6H11NO5	O + C1C(NC1C(=O)O)C(=O)O	C(CO)N(CC(=O)O)CC(=O)O	pbc-000187						10.1016/j.gca.2014.02.043	The effects of temperature, pH and redox state on the stability of glutamic acid in hydrothermal fluids	Lee N,Foustoukos D,Sverjensky D,Cody G,Hazen R	2014			https://chemorigins.bact.wisc.edu/reactions/pbr-000299
pbr-000300	NCC(=O)O.C=O>>N[C@H](CO)C(=O)O	Formaldehyde + Glycine	L-Serine	CH2O + C2H5NO2	C3H7NO3	C=O + C(C(=O)O)N	C(C(C(=O)O)N)O	pbc-000197						10.1007/s11084-008-9153-2	The Role of Submarine Hydrothermal Systems in the Synthesis of Amino Acids	Aubrey A,Cleaves H,Bada J	2008	pbmdl-000002	Serine-synthesis	https://chemorigins.bact.wisc.edu/reactions/pbr-000300
pbr-000301	N[C@H](CO)C(=O)O.[HH]>>C[C@H](N)C(=O)O	hydrogen + L-Serine	L-Alanine	H2 + C3H7NO3	C3H7NO2	[HH] + C(C(C(=O)O)N)O	CC(C(=O)O)N	pbc-000199						10.1007/s11084-008-9153-2	The Role of Submarine Hydrothermal Systems in the Synthesis of Amino Acids	Aubrey A,Cleaves H,Bada J	2008	pbmdl-000001	Alanine-synthesis	https://chemorigins.bact.wisc.edu/reactions/pbr-000301
pbr-000302	C[C@H](N)C(=O)O.C=O>>C[C@@H](O)[C@H](N)C(=O)O	Formaldehyde + L-Alanine	L-Threonine	CH2O + C3H7NO2	C4H9NO3	C=O + CC(C(=O)O)N	CC(C(C(=O)O)N)O	pbc-000201						10.1007/s11084-008-9153-2	The Role of Submarine Hydrothermal Systems in the Synthesis of Amino Acids	Aubrey A,Cleaves H,Bada J	2008	pbmdl-000007	Threonine-synthesis	https://chemorigins.bact.wisc.edu/reactions/pbr-000302
pbr-000303	C[C@@H](O)[C@H](N)C(=O)O.[HH]>>NCCCC(=O)O	hydrogen + L-Threonine	gamma-aminobutyric acid	H2 + C4H9NO3	C4H9NO2	[HH] + CC(C(C(=O)O)N)O	C(CC(=O)O)CN	pbc-000202						10.1007/s11084-008-9153-2	The Role of Submarine Hydrothermal Systems in the Synthesis of Amino Acids	Aubrey A,Cleaves H,Bada J	2008			https://chemorigins.bact.wisc.edu/reactions/pbr-000303
pbr-000304	N=C1N=CC(C(O)C(O)CO)O1>>NC1=N[C@H]2O[C@H](CO)[C@@H](O)[C@H]2O1	pbm-000194	5-(hydroxymethyl)-2-iminohexahydrofuro(2,3-d)(1,3)oxazol-6-ol	C6H10N2O4	C6H10N2O4	N=C1N=CC(C(O)C(O)CO)O1	C(C1C(C2C(O1)N=C(O2)N)O)O	pbc-000225	40.0	12.0				10.1002/ange.200601267	Direct Assembly of Nucleoside Precursors from Two‐ and Three‐Carbon Units	Anastasi C,Crowe M,Powner M,Sutherland J	2006	pbmdl-000010	Oxazole pathway	https://chemorigins.bact.wisc.edu/reactions/pbr-000304
pbr-000306	N=c1ccn2c(n1)O[C@@H]1[C@H](O)[C@@H](CO)O[C@@H]12.S>>Nc1ccn([C@H]2O[C@H](CO)[C@@H](O)[C@H]2O)c(=S)n1	hydrogen sulfide + pbm-000227	4-amino-1-[3,4-dihydroxy-5-(hydroxymethyl)oxolan-2-yl]pyrimidine-2-thione	H2S + C9H11N3O4	C9H13N3O4S	S + N=C1C=CN2C(=N1)OC1C(O)C(CO)OC12	C1=CN(C(=S)N=C1N)C2C(C(C(O2)CO)O)O	pbc-000348						10.1038/nchem.2664	A prebiotically plausible synthesis of pyrimidine β-ribonucleosides and their phosphate derivatives involving photoanomerization	Xu J,Tsanakopoulou M,Magnani C,Szabla R,Šponer J,Šponer J,Góra R,Sutherland J	2016			https://chemorigins.bact.wisc.edu/reactions/pbr-000306
pbr-000306	N=c1ccn2c(n1)O[C@@H]1[C@H](O)[C@@H](CO)O[C@@H]12.S>>Nc1ccn([C@H]2O[C@H](CO)[C@@H](O)[C@H]2O)c(=S)n1	hydrogen sulfide + pbm-000227	4-amino-1-[3,4-dihydroxy-5-(hydroxymethyl)oxolan-2-yl]pyrimidine-2-thione	H2S + C9H11N3O4	C9H13N3O4S	S + N=C1C=CN2C(=N1)OC1C(O)C(CO)OC12	C1=CN(C(=S)N=C1N)C2C(C(C(O2)CO)O)O	pbc-000232						10.1038/s41586-020-2330-9	Selective prebiotic formation of RNA pyrimidine and DNA purine nucleosides	Xu J,Chmela V,Green N,Russell D,Janicki M,Góra R,Szabla R,Bond A,Sutherland J	2020			https://chemorigins.bact.wisc.edu/reactions/pbr-000306
pbr-000307	Nc1ccn([C@H]2O[C@H](CO)[C@@H](O)[C@H]2O)c(=S)n1.O>>O=c1ccn([C@H]2O[C@H](CO)[C@@H](O)[C@H]2O)c(=S)[nH]1.N	H2O + 4-amino-1-[3,4-dihydroxy-5-(hydroxymethyl)oxolan-2-yl]pyrimidine-2-thione	Ammonia + 1-[3,4-dihydroxy-5-(hydroxymethyl)tetrahydro-2-furanyl]-4-hydroxy-2(1h)-pyrimidinethione	H2O + C9H13N3O4S	H3N + C9H12N2O5S	O + C1=CN(C(=S)N=C1N)C2C(C(C(O2)CO)O)O	N + C1=CN(C(=S)NC1=O)C2C(C(C(O2)CO)O)O	pbc-000233					Ultraviolet radiation	10.1038/s41586-020-2330-9	Selective prebiotic formation of RNA pyrimidine and DNA purine nucleosides	Xu J,Chmela V,Green N,Russell D,Janicki M,Góra R,Szabla R,Bond A,Sutherland J	2020			https://chemorigins.bact.wisc.edu/reactions/pbr-000307
pbr-000308	O=c1ccn([C@H]2O[C@H](CO)[C@@H](O)[C@H]2O)c(=S)[nH]1>>O=c1ccn2c(n1)O[C@@H]1[C@H](O)[C@@H](CO)O[C@@H]12	1-[3,4-dihydroxy-5-(hydroxymethyl)tetrahydro-2-furanyl]-4-hydroxy-2(1h)-pyrimidinethione	pbm-000230	C9H12N2O5S	C9H10N2O5	C1=CN(C(=S)NC1=O)C2C(C(C(O2)CO)O)O	O=c1ccn2c(n1)OC1C(O)C(CO)OC12	pbc-000234	80.0					10.1038/s41586-020-2330-9	Selective prebiotic formation of RNA pyrimidine and DNA purine nucleosides	Xu J,Chmela V,Green N,Russell D,Janicki M,Góra R,Szabla R,Bond A,Sutherland J	2020			https://chemorigins.bact.wisc.edu/reactions/pbr-000308
pbr-000309	O=c1ccn2c(n1)O[C@@H]1[C@H](O)[C@@H](CO)O[C@@H]12.Nc1ncnc2[nH]c(S)nc12>>Nc1ncnc2c1nc1n2[C@@H]2O[C@H](CO)[C@@H](O)[C@@H]2O1	6-amino-9h-purine-8-thiol + pbm-000230	pbm-000231	C5H5N5S + C9H10N2O5	C10H11N5O4	C1=NC(=C2C(=N1)NC(=S)N2)N + O=c1ccn2c(n1)OC1C(O)C(CO)OC12	Nc1ncnc2c1nc1n2C2OC(CO)C(O)C2O1	pbc-000235	150.0				Magnesium chloride	10.1038/s41586-020-2330-9	Selective prebiotic formation of RNA pyrimidine and DNA purine nucleosides	Xu J,Chmela V,Green N,Russell D,Janicki M,Góra R,Szabla R,Bond A,Sutherland J	2020			https://chemorigins.bact.wisc.edu/reactions/pbr-000309
pbr-000310	O=c1ccn2c(n1)O[C@@H]1[C@H](O)[C@@H](CO)O[C@@H]12.Nc1ncnc2[nH]c(S)nc12>>NC1=NC=NC2N=C3O[C@H]4[C@H](O)[C@@H](CO)O[C@H]4N3C12	6-amino-9h-purine-8-thiol + pbm-000230	pbm-000232	C5H5N5S + C9H10N2O5	C10H13N5O4	C1=NC(=C2C(=N1)NC(=S)N2)N + O=c1ccn2c(n1)OC1C(O)C(CO)OC12	NC1=NC=NC2N=C3OC4C(O)C(CO)OC4N3C12	pbc-000236	150.0				Magnesium chloride	10.1038/s41586-020-2330-9	Selective prebiotic formation of RNA pyrimidine and DNA purine nucleosides	Xu J,Chmela V,Green N,Russell D,Janicki M,Góra R,Szabla R,Bond A,Sutherland J	2020			https://chemorigins.bact.wisc.edu/reactions/pbr-000310
pbr-000311	N=c1ccn2c(n1)O[C@@H]1[C@H](O)[C@@H](CO)O[C@@H]12.Nc1ncnc2[nH]c(S)nc12>>NC1=NC=NC2N=C3O[C@H]4[C@H](O)[C@@H](CO)O[C@H]4N3C12	6-amino-9h-purine-8-thiol + pbm-000227	pbm-000232	C5H5N5S + C9H11N3O4	C10H13N5O4	C1=NC(=C2C(=N1)NC(=S)N2)N + N=C1C=CN2C(=N1)OC1C(O)C(CO)OC12	NC1=NC=NC2N=C3OC4C(O)C(CO)OC4N3C12	pbc-000237	150.0				Magnesium chloride	10.1038/s41586-020-2330-9	Selective prebiotic formation of RNA pyrimidine and DNA purine nucleosides	Xu J,Chmela V,Green N,Russell D,Janicki M,Góra R,Szabla R,Bond A,Sutherland J	2020			https://chemorigins.bact.wisc.edu/reactions/pbr-000311
pbr-000312	N=c1ccn2c(n1)O[C@@H]1[C@H](O)[C@@H](CO)O[C@@H]12.Nc1ncnc2[nH]c(S)nc12>>Nc1ncnc2c1nc1n2[C@@H]2O[C@H](CO)[C@@H](O)[C@@H]2O1	6-amino-9h-purine-8-thiol + pbm-000227	pbm-000231	C5H5N5S + C9H11N3O4	C10H11N5O4	C1=NC(=C2C(=N1)NC(=S)N2)N + N=C1C=CN2C(=N1)OC1C(O)C(CO)OC12	Nc1ncnc2c1nc1n2C2OC(CO)C(O)C2O1	pbc-000238	150.0				Magnesium chloride	10.1038/s41586-020-2330-9	Selective prebiotic formation of RNA pyrimidine and DNA purine nucleosides	Xu J,Chmela V,Green N,Russell D,Janicki M,Góra R,Szabla R,Bond A,Sutherland J	2020			https://chemorigins.bact.wisc.edu/reactions/pbr-000312
pbr-000313	Nc1ncnc2c1nc1n2[C@@H]2O[C@H](CO)[C@@H](O)[C@@H]2O1.O=S([O-])O>>Nc1ncnc2c1nc(S)n2[C@H]1C[C@H](O)C(CO)O1	Sulfite + pbm-000231	6-amino-9-[4-hydroxy-5-(hydroxymethyl)oxolan-2-yl]-7h-purine-8-thione	H2O3S + C10H11N5O4	C10H13N5O3S	OS(=O)O + Nc1ncnc2c1nc1n2C2OC(CO)C(O)C2O1	C1C(C(OC1N2C3=NC=NC(=C3NC2=S)N)CO)O	pbc-000239						10.1038/s41586-020-2330-9	Selective prebiotic formation of RNA pyrimidine and DNA purine nucleosides	Xu J,Chmela V,Green N,Russell D,Janicki M,Góra R,Szabla R,Bond A,Sutherland J	2020			https://chemorigins.bact.wisc.edu/reactions/pbr-000313
pbr-000314	Nc1ncnc2c1nc1n2[C@@H]2O[C@H](CO)[C@@H](O)[C@@H]2O1.O=S([O-])O>>Nc1ncnc2c1ncn2[C@H]1C[C@H](O)C(CO)O1	Sulfite + pbm-000231	deoxyadenosine	H2O3S + C10H11N5O4	C10H13N5O3	OS(=O)O + Nc1ncnc2c1nc1n2C2OC(CO)C(O)C2O1	C1C(C(OC1N2C=NC3=C(N=CN=C32)N)CO)O	pbc-000240						10.1038/s41586-020-2330-9	Selective prebiotic formation of RNA pyrimidine and DNA purine nucleosides	Xu J,Chmela V,Green N,Russell D,Janicki M,Góra R,Szabla R,Bond A,Sutherland J	2020			https://chemorigins.bact.wisc.edu/reactions/pbr-000314
pbr-000315	O=C([O-])CCC(=O)C(=O)[O-].N>>N[C@@H](CCC(=O)O)C(=O)O.O	Ammonia + 2-Oxoglutarate	H2O + L-Glutamate	H3N + C5H6O5	H2O + C5H9NO4	N + C(CC(=O)O)C(=O)C(=O)O	O + C(CC(=O)O)C(C(=O)O)N	pbc-000258					Ferrous sulifde	10.1126/sciadv.aav7848	Metals likely promoted protometabolism in early ocean alkaline hydrothermal systems	Kitadai N,Nakamura R,Yamamoto M,Takai K,Yoshida N,Oono Y	2019	pbmdl-000004	Glutamate-synthesis	https://chemorigins.bact.wisc.edu/reactions/pbr-000315
pbr-000316	O=C([O-])CC(=O)C(=O)[O-].N>>O.N[C@@H](CC(=O)O)C(=O)O	Ammonia + Oxaloacetate	L-Aspartate + H2O	H3N + C4H4O5	C4H7NO4 + H2O	N + C(C(=O)C(=O)O)C(=O)O	C(C(C(=O)O)N)C(=O)O + O	pbc-000262					Ferrous sulifde	10.1126/sciadv.aav7848	Metals likely promoted protometabolism in early ocean alkaline hydrothermal systems	Kitadai N,Nakamura R,Yamamoto M,Takai K,Yoshida N,Oono Y	2019			https://chemorigins.bact.wisc.edu/reactions/pbr-000316
pbr-000691	[CH]C(=O)[O-].O=S(=O)([O-])[O-]>>O=C([O-])COS(=O)(=O)[O-]	sulfuric acid + Acetate	(sulfooxy)acetic acid	H2O4S + C2H4O2	C2H4O6S	OS(=O)(=O)O + CC(=O)O	C(C(=O)O)OS(=O)(=O)O	pbc-000210		4.0				10.1038/s41557-021-00789-w	Prebiotic photoredox synthesis from carbon dioxide and sulfite	Liu Z,Wu L,Kufner C,Sasselov D,Fischer W,Sutherland J	2021			https://chemorigins.bact.wisc.edu/reactions/pbr-000691
pbr-000692	C=O.OS(=O)[O-]>>C(O)OS(=O)O	Sulfite + Formaldehyde	hydroxymethyl hydrogen sulfite	H2O3S + CH2O	CH4O4S	OS(=O)O + C=O	C(O)OS(=O)O	pbc-000292	55.0	40.0			Phosphate	10.1038/s41467-018-04147-2	Mimicking the surface and prebiotic chemistry of early Earth using flow chemistry	Ritson D,Battilocchio C,Ley S,Sutherland J	2018			https://chemorigins.bact.wisc.edu/reactions/pbr-000692
pbr-000693	OP([O-])([O-])=O.OC[C@H]1OC(O)[C@H](O)[C@@H]1O.NC(N)=O.O[B](O)(O)O>>NC(=O)NC1O[C@H](CP([O-])([O-])=O)[C@H]2O[B](O)(O)O[C@@H]12	pbm-000556 + Urea + pentofuranose + Orthophosphate	pbm-000557	 + CH4N2O + C5H10O5 + H3O4P		OB(O)(O)O + C(=O)(N)N + C(C1C(C(C(O1)O)O)O)O + OP(=O)(O)O	NC(=O)NC1OC(CP(=O)(O)O)C2OB(O)(O)OC12	pbc-000314	80.0	24.0				10.1038/s41598-022-15753-y	Borate-guided ribose phosphorylation for prebiotic nucleotide synthesis	Hirakawa Y,Kakegawa T,Furukawa Y	2022			https://chemorigins.bact.wisc.edu/reactions/pbr-000693
pbr-000694	NC(=O)NC1O[C@H](CP([O-])([O-])=O)[C@H]2O[B](O)(O)O[C@@H]12.O.O.O>>NC1O[C@H](CP([O-])([O-])=O)[C@@H](O)[C@H]1O.O[B](O)(O)O.NC(N)=O	H2O + pbm-000557	Urea + pbm-000556 + pbm-000558	H2O + 	CH4N2O +  + C5H12NO6P	O + NC(=O)NC1OC(CP(=O)(O)O)C2OB(O)(O)OC12	C(=O)(N)N + OB(O)(O)O + NC1OC(CP(=O)(O)O)C(O)C1O	pbc-000315	90.0	1.0				10.1038/s41598-022-15753-y	Borate-guided ribose phosphorylation for prebiotic nucleotide synthesis	Hirakawa Y,Kakegawa T,Furukawa Y	2022			https://chemorigins.bact.wisc.edu/reactions/pbr-000694
pbr-000695	C1=CN2=C(N=C1N)OC3C2OC(C3O)CO.O=P([O-])([O-])[O-]>>Nc1ccn(C2OC(CO)C3OP(=O)([O-])OC32)c(=O)n1	Orthophosphate + pbm-000052	4-amino-1-[2-hydroxy-6-(hydroxymethyl)-2-oxidotetrahydrofuro[3,4-d][1,3,2]dioxaphosphol-4-yl]pyrimidin-2(1h)-one	H3O4P + 	C9H12N3O7P	OP(=O)(O)O + NC1=NC2=N(C=C1)C1OC(CO)C(O)C1O2	C1=CN(C(=O)N=C1N)C2C3C(C(O2)CO)OP(=O)(O3)O	pbc-000048					Urea	10.1038/nchem.2202	Common origins of RNA, protein and lipid precursors in a cyanosulfidic protometabolism	Patel B,Percivalle C,Ritson D,Duffy C,Sutherland J	2015			https://chemorigins.bact.wisc.edu/reactions/pbr-000695
pbr-000696	O=C(CO)CO>>CC(C)=O.O.O	dihydroxyacetone	H2O + acetone	C3H6O3	H2O + C3H6O	C(C(=O)CO)O	O + CC(=O)C	pbc-000052					Sulfidic acid; Elemental cupper	10.1038/nchem.2202	Common origins of RNA, protein and lipid precursors in a cyanosulfidic protometabolism	Patel B,Percivalle C,Ritson D,Duffy C,Sutherland J	2015	pbmdl-000008	Valine-synthesis	https://chemorigins.bact.wisc.edu/reactions/pbr-000696
pbr-000696	O=C(CO)CO>>CC(C)=O.O.O	dihydroxyacetone	H2O + acetone	C3H6O3	H2O + C3H6O	C(C(=O)CO)O	O + CC(=O)C	pbc-000051					Sulfidic acid; Elemental cupper	10.1038/nchem.2202	Common origins of RNA, protein and lipid precursors in a cyanosulfidic protometabolism	Patel B,Percivalle C,Ritson D,Duffy C,Sutherland J	2015	pbmdl-000008	Valine-synthesis	https://chemorigins.bact.wisc.edu/reactions/pbr-000696
pbr-000697	O=C(CO)CO>>CC(=O)CO.O	dihydroxyacetone	H2O + hydroxyacetone	C3H6O3	H2O + C3H6O2	C(C(=O)CO)O	O + CC(=O)CO	pbc-000053					Sulfidic acid; Elemental cupper	10.1038/nchem.2202	Common origins of RNA, protein and lipid precursors in a cyanosulfidic protometabolism	Patel B,Percivalle C,Ritson D,Duffy C,Sutherland J	2015			https://chemorigins.bact.wisc.edu/reactions/pbr-000697
pbr-000698	CC(=O)CO.>>CC(C)=O.O	hydroxyacetone	H2O + acetone	C3H6O2	H2O + C3H6O	CC(=O)CO	O + CC(=O)C	pbc-000054					Sulfidic acid; Elemental cupper	10.1038/nchem.2202	Common origins of RNA, protein and lipid precursors in a cyanosulfidic protometabolism	Patel B,Percivalle C,Ritson D,Duffy C,Sutherland J	2015	pbmdl-000008	Valine-synthesis	https://chemorigins.bact.wisc.edu/reactions/pbr-000698
pbr-000699	O=C(CO)CO>>OCC(O)CO	dihydroxyacetone	glycerin	C3H6O3	C3H8O3	C(C(=O)CO)O	C(C(CO)O)O	pbc-000055					Sulfidic acid; Elemental cupper	10.1038/nchem.2202	Common origins of RNA, protein and lipid precursors in a cyanosulfidic protometabolism	Patel B,Percivalle C,Ritson D,Duffy C,Sutherland J	2015			https://chemorigins.bact.wisc.edu/reactions/pbr-000699
pbr-000700	CC(C)C(O)C(N)=S.>>CC(C)CC(N)=S.O	2-hydroxy-3-methylbutanethioamide	H2O + 3-methylbutanethioamide	C5H11NOS	H2O + C5H11NS	CC(C)C(C(=S)N)O	O + CC(C)CC(=S)N	pbc-000063					Sulfidic acid; Elemental cupper	10.1038/nchem.2202	Common origins of RNA, protein and lipid precursors in a cyanosulfidic protometabolism	Patel B,Percivalle C,Ritson D,Duffy C,Sutherland J	2015			https://chemorigins.bact.wisc.edu/reactions/pbr-000700
pbr-000701	N#CCCNC(=N)N>>NC1=NCCC(O)N1	2-(2-cyanoethyl)guanidine	4-hydroxy-2-imino-hexahydropyrimidine	C4H8N4	C4H9N3O	C(CN=C(N)N)C#N	C1CN=C(NC1O)N	pbc-000069					Sulfidic acid; Elemental cupper	10.1038/nchem.2202	Common origins of RNA, protein and lipid precursors in a cyanosulfidic protometabolism	Patel B,Percivalle C,Ritson D,Duffy C,Sutherland J	2015	pbmdl-000006	Arginine-synthesis	https://chemorigins.bact.wisc.edu/reactions/pbr-000701
pbr-000702	N#CCCNC(=N)N.O>>NC1=NCCC(O)N1	H2O + 2-(2-cyanoethyl)guanidine	4-hydroxy-2-imino-hexahydropyrimidine	H2O + C4H8N4	C4H9N3O	O + C(CN=C(N)N)C#N	C1CN=C(NC1O)N	pbc-000070					Sulfidic acid; Elemental cupper	10.1038/nchem.2202	Common origins of RNA, protein and lipid precursors in a cyanosulfidic protometabolism	Patel B,Percivalle C,Ritson D,Duffy C,Sutherland J	2015	pbmdl-000006	Arginine-synthesis	https://chemorigins.bact.wisc.edu/reactions/pbr-000702
pbr-000703	N#CCCNC(=N)N.O>>NC1=NCCC(O)N1.N	H2O + 2-(2-cyanoethyl)guanidine	Ammonia + 4-hydroxy-2-imino-hexahydropyrimidine	H2O + C4H8N4	H3N + C4H9N3O	O + C(CN=C(N)N)C#N	N + C1CN=C(NC1O)N	pbc-000071					Sulfidic acid; Elemental cupper	10.1038/nchem.2202	Common origins of RNA, protein and lipid precursors in a cyanosulfidic protometabolism	Patel B,Percivalle C,Ritson D,Duffy C,Sutherland J	2015	pbmdl-000006	Arginine-synthesis	https://chemorigins.bact.wisc.edu/reactions/pbr-000703
pbr-000704	N=C(N)NCCC(O)C(N)=S>>N=C(N)NCCCC(N)=S.O	4-(diaminomethylideneamino)-2-hydroxybutanethioamide	H2O + 4-(diaminomethylideneamino)butanethioamide	C5H12N4OS	H2O + C5H12N4S	C(CN=C(N)N)C(C(=S)N)O	O + C(CC(=S)N)CN=C(N)N	pbc-000074					Sulfidic acid; Elemental cupper	10.1038/nchem.2202	Common origins of RNA, protein and lipid precursors in a cyanosulfidic protometabolism	Patel B,Percivalle C,Ritson D,Duffy C,Sutherland J	2015	pbmdl-000006	Arginine-synthesis	https://chemorigins.bact.wisc.edu/reactions/pbr-000704
pbr-000705	N=C(N)NCCCC(N)=S.O.[C-]#N>>N#CC(O)CCCNC(=N)N.S.N	hydrogen cyanide + H2O + 4-(diaminomethylideneamino)butanethioamide	Ammonia + hydrogen sulfide + 2-(4-cyano-4-hydroxybutyl)guanidine	CHN + H2O + C5H12N4S	H3N + H2S + C6H12N4O	C#N + O + C(CC(=S)N)CN=C(N)N	N + S + C(CC(C#N)O)CN=C(N)N	pbc-000075					Sulfidic acid; Elemental cupper	10.1038/nchem.2202	Common origins of RNA, protein and lipid precursors in a cyanosulfidic protometabolism	Patel B,Percivalle C,Ritson D,Duffy C,Sutherland J	2015	pbmdl-000006	Arginine-synthesis	https://chemorigins.bact.wisc.edu/reactions/pbr-000705
pbr-000706	OC1CCNC1=S>>S=C1CCCN1.O	3-hydroxypyrrolidine-2-thione	H2O + pyrrolidine-2-thione	C4H7NOS	H2O + C4H7NS	C1CNC(=S)C1O	O + C1CC(=S)NC1	pbc-000081					Sulfidic acid; Elemental cupper	10.1038/nchem.2202	Common origins of RNA, protein and lipid precursors in a cyanosulfidic protometabolism	Patel B,Percivalle C,Ritson D,Duffy C,Sutherland J	2015	pbmdl-000005	Glutamate-synthesis	https://chemorigins.bact.wisc.edu/reactions/pbr-000706
pbr-000707	NC1=N[C@H]2O[C@H](CO)[C@@H](O)[C@H]2O1.C#CC#N>>OCC1OC2C(OC3=NC(=N)CC=[N]23)C1O	cyanoacetylene + 5-(hydroxymethyl)-2-iminohexahydrofuro(2,3-d)(1,3)oxazol-6-ol	pbm-000559	C3HN + C6H10N2O4		C#CC#N + C(C1C(C2C(O1)N=C(O2)N)O)O	N=C1CC=N2C(=N1)OC1C(O)C(CO)OC12	pbc-000230					Phosphate	10.1038/nature08013	Synthesis of activated pyrimidine ribonucleotides in prebiotically plausible conditions	Powner M,Gerland B,Sutherland J	2009	pbmdl-000010	Oxazole pathway	https://chemorigins.bact.wisc.edu/reactions/pbr-000707
pbr-000708	N=c1ccn2c(n1)O[C@@H]1[C@H](O)[C@@H](CO)O[C@@H]12.O=P([O-])([O-])[O-]>>O.Nc1ccn([C@@H]2O[C@H](CO)[C@H]3OP(=O)([O-])O[C@H]32)c(=O)n1	Orthophosphate + pbm-000227	4-amino-1-[2-hydroxy-6-(hydroxymethyl)-2-oxidotetrahydrofuro[3,4-d][1,3,2]dioxaphosphol-4-yl]pyrimidin-2(1h)-one + H2O	H3O4P + C9H11N3O4	C9H12N3O7P + H2O	OP(=O)(O)O + N=C1C=CN2C(=N1)OC1C(O)C(CO)OC12	C1=CN(C(=O)N=C1N)C2C3C(C(O2)CO)OP(=O)(O3)O + O	pbc-000231	100.0				Ammonia; Urea; Phosphate	10.1038/nature08013	Synthesis of activated pyrimidine ribonucleotides in prebiotically plausible conditions	Powner M,Gerland B,Sutherland J	2009			https://chemorigins.bact.wisc.edu/reactions/pbr-000708
pbr-000709	[O-]N=O.OS([O-])=O>>ON(S([O-])(=O)=O)S([O-])(=O)=O	Sulfite + nitrous acid	imidodisulfuric acid, hydroxy-	H2O3S + HNO2	H3NO7S2	OS(=O)O + N(=O)O	N(O)(S(=O)(=O)O)S(=O)(=O)O	pbc-000316						10.1126/science.aax2747	Unified prebiotically plausible synthesis of pyrimidine and purine RNA ribonucleotides	Becker S,Feldmann J,Wiedemann S,Okamura H,Schneider C,Iwan K,Crisp A,Rossa M,Amatov T,Carell T	2019			https://chemorigins.bact.wisc.edu/reactions/pbr-000709
pbr-000710	[O-]S(=O)(=O)NS([O-])(=O)=O>>[O-]S([O-])(=O)=O.NO	sulfosulfamic acid	hydroxylamine + sulfuric acid	H3NO6S2	H3NO + H2O4S	N(S(=O)(=O)O)S(=O)(=O)O	NO + OS(=O)(=O)O	pbc-000317						10.1126/science.aax2747	Unified prebiotically plausible synthesis of pyrimidine and purine RNA ribonucleotides	Becker S,Feldmann J,Wiedemann S,Okamura H,Schneider C,Iwan K,Crisp A,Rossa M,Amatov T,Carell T	2019			https://chemorigins.bact.wisc.edu/reactions/pbr-000710
pbr-000711	ON(S([O-])(=O)=O)S([O-])(=O)=O.C#CC#N>>CC=CON(S([O-])(=O)=O)S([O-])(=O)=O	cyanoacetylene + imidodisulfuric acid, hydroxy-	pbm-000562	C3HN + H3NO7S2	C3H7NO7S2	C#CC#N + N(O)(S(=O)(=O)O)S(=O)(=O)O	CC=CON(S(=O)(=O)O)S(=O)(=O)O	pbc-000318						10.1126/science.aax2747	Unified prebiotically plausible synthesis of pyrimidine and purine RNA ribonucleotides	Becker S,Feldmann J,Wiedemann S,Okamura H,Schneider C,Iwan K,Crisp A,Rossa M,Amatov T,Carell T	2019			https://chemorigins.bact.wisc.edu/reactions/pbr-000711
pbr-000712	C#N.NO>>NC(=O)NO	hydroxylamine + hydrogen cyanide	hydroxyurea	H3NO + CHN	CH4N2O2	NO + C#N	C(=O)(N)NO	pbc-000319						10.1126/science.aax2747	Unified prebiotically plausible synthesis of pyrimidine and purine RNA ribonucleotides	Becker S,Feldmann J,Wiedemann S,Okamura H,Schneider C,Iwan K,Crisp A,Rossa M,Amatov T,Carell T	2019			https://chemorigins.bact.wisc.edu/reactions/pbr-000712
pbr-000713	C#CC#N.NC(=O)NO>>NC1=NOCC1	hydroxyurea + cyanoacetylene	3-amino-4,5-dihydroisoxazole	CH4N2O2 + C3HN	C3H6N2O	C(=O)(N)NO + C#CC#N	C1CON=C1N	pbc-000320	60.0	2.0				10.1126/science.aax2747	Unified prebiotically plausible synthesis of pyrimidine and purine RNA ribonucleotides	Becker S,Feldmann J,Wiedemann S,Okamura H,Schneider C,Iwan K,Crisp A,Rossa M,Amatov T,Carell T	2019			https://chemorigins.bact.wisc.edu/reactions/pbr-000713
pbr-000714	C#CC#N.NO>>NC1=NOCC1	hydroxylamine + cyanoacetylene	3-amino-4,5-dihydroisoxazole	H3NO + C3HN	C3H6N2O	NO + C#CC#N	C1CON=C1N	pbc-000321		2.0				10.1126/science.aax2747	Unified prebiotically plausible synthesis of pyrimidine and purine RNA ribonucleotides	Becker S,Feldmann J,Wiedemann S,Okamura H,Schneider C,Iwan K,Crisp A,Rossa M,Amatov T,Carell T	2019			https://chemorigins.bact.wisc.edu/reactions/pbr-000714
pbr-000715	CC=CON(S([O-])(=O)=O)S([O-])(=O)=O>>NC1=NOCC1	pbm-000562	3-amino-4,5-dihydroisoxazole	C3H7NO7S2	C3H6N2O	CC=CON(S(=O)(=O)O)S(=O)(=O)O	C1CON=C1N	pbc-000322						10.1126/science.aax2747	Unified prebiotically plausible synthesis of pyrimidine and purine RNA ribonucleotides	Becker S,Feldmann J,Wiedemann S,Okamura H,Schneider C,Iwan K,Crisp A,Rossa M,Amatov T,Carell T	2019			https://chemorigins.bact.wisc.edu/reactions/pbr-000715
pbr-000716	NC1=NOCC1.NC(N)=O>>NC(=O)NC1=NOCC1	Urea + 3-amino-4,5-dihydroisoxazole	pbm-000565	CH4N2O + C3H6N2O	C4H7N3O2	C(=O)(N)N + C1CON=C1N	NC(=O)NC1=NOCC1	pbc-000324	70.0	48.0			Cobaltous ion	10.1126/science.aax2747	Unified prebiotically plausible synthesis of pyrimidine and purine RNA ribonucleotides	Becker S,Feldmann J,Wiedemann S,Okamura H,Schneider C,Iwan K,Crisp A,Rossa M,Amatov T,Carell T	2019			https://chemorigins.bact.wisc.edu/reactions/pbr-000716
pbr-000716	NC1=NOCC1.NC(N)=O>>NC(=O)NC1=NOCC1	Urea + 3-amino-4,5-dihydroisoxazole	pbm-000565	CH4N2O + C3H6N2O	C4H7N3O2	C(=O)(N)N + C1CON=C1N	NC(=O)NC1=NOCC1	pbc-000323	70.0	48.0			Zinc cation	10.1126/science.aax2747	Unified prebiotically plausible synthesis of pyrimidine and purine RNA ribonucleotides	Becker S,Feldmann J,Wiedemann S,Okamura H,Schneider C,Iwan K,Crisp A,Rossa M,Amatov T,Carell T	2019			https://chemorigins.bact.wisc.edu/reactions/pbr-000716
pbr-000717	NC(=O)NC1=NOCC1.OC[C@H]1OC(O)[C@@H](O)[C@H]1O>>OC[C@H]1OC(NC(=O)NC2=NOCC2)[C@@H](O)[C@H]1O	pentofuranose + pbm-000565	pbm-000566	C5H10O5 + C4H7N3O2	C9H15N3O6	C(C1C(C(C(O1)O)O)O)O + NC(=O)NC1=NOCC1	O=C(NC1=NOCC1)NC1OC(CO)C(O)C1O	pbc-000326	95.0				B(O)(O)O	10.1126/science.aax2747	Unified prebiotically plausible synthesis of pyrimidine and purine RNA ribonucleotides	Becker S,Feldmann J,Wiedemann S,Okamura H,Schneider C,Iwan K,Crisp A,Rossa M,Amatov T,Carell T	2019			https://chemorigins.bact.wisc.edu/reactions/pbr-000717
pbr-000717	NC(=O)NC1=NOCC1.OC[C@H]1OC(O)[C@@H](O)[C@H]1O>>OC[C@H]1OC(NC(=O)NC2=NOCC2)[C@@H](O)[C@H]1O	pentofuranose + pbm-000565	pbm-000566	C5H10O5 + C4H7N3O2	C9H15N3O6	C(C1C(C(C(O1)O)O)O)O + NC(=O)NC1=NOCC1	O=C(NC1=NOCC1)NC1OC(CO)C(O)C1O	pbc-000325	95.0				B(O)(O)O	10.1126/science.aax2747	Unified prebiotically plausible synthesis of pyrimidine and purine RNA ribonucleotides	Becker S,Feldmann J,Wiedemann S,Okamura H,Schneider C,Iwan K,Crisp A,Rossa M,Amatov T,Carell T	2019			https://chemorigins.bact.wisc.edu/reactions/pbr-000717
pbr-000718	OC[C@H]1OC(NC(=O)NC2=NOCC2)[C@@H](O)[C@H]1O>>NC1=NC(=O)N(C=C1)C1O[C@H](CO)[C@H](O)[C@@H]1O	pbm-000566	1-beta-d-arabinofuranosylcytosine	C9H15N3O6	C9H13N3O5	O=C(NC1=NOCC1)NC1OC(CO)C(O)C1O	C1=CN(C(=O)N=C1N)C2C(C(C(O2)CO)O)O	pbc-000327					Dithiothreitol; Ferrous iron	10.1126/science.aax2747	Unified prebiotically plausible synthesis of pyrimidine and purine RNA ribonucleotides	Becker S,Feldmann J,Wiedemann S,Okamura H,Schneider C,Iwan K,Crisp A,Rossa M,Amatov T,Carell T	2019			https://chemorigins.bact.wisc.edu/reactions/pbr-000718
pbr-000719	OC[C@H]1OC(NC(=O)NC2=NOCC2)[C@@H](O)[C@H]1O>>OC[C@H]1OC([C@@H](O)[C@H]1O)N1C=CC(O)=NC1=O	pbm-000566	arabinofuranosyluracil	C9H15N3O6	C9H12N2O6	O=C(NC1=NOCC1)NC1OC(CO)C(O)C1O	C1=CN(C(=O)NC1=O)C2C(C(C(O2)CO)O)O	pbc-000328					Dithiothreitol; Ferrous iron	10.1126/science.aax2747	Unified prebiotically plausible synthesis of pyrimidine and purine RNA ribonucleotides	Becker S,Feldmann J,Wiedemann S,Okamura H,Schneider C,Iwan K,Crisp A,Rossa M,Amatov T,Carell T	2019			https://chemorigins.bact.wisc.edu/reactions/pbr-000719
pbr-000720	N#CCC#N.O>>[O-]N=C(C#N)C#N	H2O + malononitrile	2-hydroxyiminopropanedinitrile	H2O + C3H2N2	C3HN3O	O + C(C#N)C#N	C(#N)C(=NO)C#N	pbc-000329					Acetate; Sodium nitrate-	10.1038/s41467-017-02639-1	Wet-dry cycles enable the parallel origin of canonical and non-canonical nucleosides by continuous synthesis	Becker S,Schneider C,Okamura H,Crisp A,Amatov T,Dejmek M,Carell T	2018			https://chemorigins.bact.wisc.edu/reactions/pbr-000720
pbr-000721	[O-]N=C(C#N)C#N.CC(N)=N>>NC1=NC=NC(N)=C1N=O	acetamidine + 2-hydroxyiminopropanedinitrile	4,6-pyrimidinediamine, 5-nitroso-	C2H6N2 + C3HN3O	C4H5N5O	CC(=N)N + C(#N)C(=NO)C#N	C1=NC(=C(C(=N1)N)N=O)N	pbc-000330	135.0				Acetate; Sodium nitrate-	10.1038/s41467-017-02639-1	Wet-dry cycles enable the parallel origin of canonical and non-canonical nucleosides by continuous synthesis	Becker S,Schneider C,Okamura H,Crisp A,Amatov T,Dejmek M,Carell T	2018			https://chemorigins.bact.wisc.edu/reactions/pbr-000721
pbr-000722	NC1=NC=NC(N)=C1NC=O.OC[C@H]1OC(O)[C@@H](O)[C@H]1O>>NC1=NC=NC(N[C@@H]2O[C@H](CO)[C@H](O)[C@@H]2O)=C1NC=O	pentofuranose + n-(4,6-diaminopyrimidin-5-yl)formamide	pbm-000574	C5H10O5 + C5H7N5O	C10H15N5O5	C(C1C(C(C(O1)O)O)O)O + C1=NC(=C(C(=N1)N)NC=O)N	NC1=NC=NC(NC2OC(CO)C(O)C2O)=C1NC=O	pbc-000333					Acetate; Sodium nitrate-	10.1038/s41467-017-02639-1	Wet-dry cycles enable the parallel origin of canonical and non-canonical nucleosides by continuous synthesis	Becker S,Schneider C,Okamura H,Crisp A,Amatov T,Dejmek M,Carell T	2018			https://chemorigins.bact.wisc.edu/reactions/pbr-000722
pbr-000723	NC1=NC=NC(N[C@@H]2O[C@H](CO)[C@H](O)[C@@H]2O)=C1NC=O>>NC1=NC=NC2=C1N=CN2[C@@H]1O[C@H](CO)[C@H](O)[C@@H]1O	pbm-000574	2-(6-aminopurin-9-yl)-5-(hydroxymethyl)oxolane-3,4-diol	C10H15N5O5	C10H13N5O4	NC1=NC=NC(NC2OC(CO)C(O)C2O)=C1NC=O	C1=NC(=C2C(=N1)N(C=N2)C3C(C(C(O3)CO)O)O)N	pbc-000334						10.1038/s41467-017-02639-1	Wet-dry cycles enable the parallel origin of canonical and non-canonical nucleosides by continuous synthesis	Becker S,Schneider C,Okamura H,Crisp A,Amatov T,Dejmek M,Carell T	2018			https://chemorigins.bact.wisc.edu/reactions/pbr-000723
pbr-000724	[O-]N=C(C#C)C#C.CSC(C)=N>>CSC1=NC(N)=C(N=O)C(N)=N1	methyl thioacetimidate + pbm-000576	4,6-pyrimidinediamine, 2-(methylthio)-5-nitroso-	C3H7NS + C5H3NO	C5H7N5OS	CC(=N)SC + C#CC(C#C)=NO	CSC1=NC(=C(C(=N1)N)N=O)N	pbc-000335	135.0				Acetate; Sodium nitrate-	10.1038/s41467-017-02639-1	Wet-dry cycles enable the parallel origin of canonical and non-canonical nucleosides by continuous synthesis	Becker S,Schneider C,Okamura H,Crisp A,Amatov T,Dejmek M,Carell T	2018			https://chemorigins.bact.wisc.edu/reactions/pbr-000724
pbr-000725	NC1=NC(N)=C(NC=O)C(O)=N1.OC[C@H]1OC(O)[C@@H](O)[C@H]1O>>NC1=NC(N[C@@H]2O[C@H](CO)[C@H](O)[C@@H]2O)=C(NC=O)C(O)=N1	pentofuranose + 2,4-diamino-5-(formylamino)-6-hydroxypyrimidine	pbm-000580	C5H10O5 + C5H7N5O2	C10H15N5O6	C(C1C(C(C(O1)O)O)O)O + C(=O)NC1=C(N=C(NC1=O)N)N	NC1=NC(NC2OC(CO)C(O)C2O)=C(NC=O)C(O)=N1	pbc-000336					Acetate; Sodium nitrate-	10.1038/s41467-017-02639-1	Wet-dry cycles enable the parallel origin of canonical and non-canonical nucleosides by continuous synthesis	Becker S,Schneider C,Okamura H,Crisp A,Amatov T,Dejmek M,Carell T	2018			https://chemorigins.bact.wisc.edu/reactions/pbr-000725
pbr-000726	NC1=NC(N[C@@H]2O[C@H](CO)[C@H](O)[C@@H]2O)=C(NC=O)C(O)=N1>>NC1=NC2=C(N=CN2[C@@H]2O[C@H](CO)[C@H](O)[C@@H]2O)C(=O)N1	pbm-000580	guanine, 9-beta-d-xylofuranosyl-	C10H15N5O6	C10H13N5O5	NC1=NC(NC2OC(CO)C(O)C2O)=C(NC=O)C(O)=N1	C1=NC2=C(N1C3C(C(C(O3)CO)O)O)N=C(NC2=O)N	pbc-000337						10.1038/s41467-017-02639-1	Wet-dry cycles enable the parallel origin of canonical and non-canonical nucleosides by continuous synthesis	Becker S,Schneider C,Okamura H,Crisp A,Amatov T,Dejmek M,Carell T	2018			https://chemorigins.bact.wisc.edu/reactions/pbr-000726
pbr-000727	C#CC#N.N>>NC=CC#N	Ammonia + cyanoacetylene	beta-aminoacrylonitrile	H3N + C3HN	C3H4N2	N + C#CC#N	C(=CN)C#N	pbc-000338						10.1126/science.aax2747	Unified prebiotically plausible synthesis of pyrimidine and purine RNA ribonucleotides	Becker S,Feldmann J,Wiedemann S,Okamura H,Schneider C,Iwan K,Crisp A,Rossa M,Amatov T,Carell T	2019			https://chemorigins.bact.wisc.edu/reactions/pbr-000727
pbr-000728	NC=CC#N>>N#CCC#N	beta-aminoacrylonitrile	malononitrile	C3H4N2	C3H2N2	C(=CN)C#N	C(C#N)C#N	pbc-000339						10.1126/science.aax2747	Unified prebiotically plausible synthesis of pyrimidine and purine RNA ribonucleotides	Becker S,Feldmann J,Wiedemann S,Okamura H,Schneider C,Iwan K,Crisp A,Rossa M,Amatov T,Carell T	2019			https://chemorigins.bact.wisc.edu/reactions/pbr-000728
pbr-000729	C#CC#N>>NC(=O)NC1=NOCC1	cyanoacetylene	pbm-000565	C3HN	C4H7N3O2	C#CC#N	NC(=O)NC1=NOCC1	pbc-000340					Dithiothreitol; Ferrous iron; B(O)(O)O	10.1126/science.aax2747	Unified prebiotically plausible synthesis of pyrimidine and purine RNA ribonucleotides	Becker S,Feldmann J,Wiedemann S,Okamura H,Schneider C,Iwan K,Crisp A,Rossa M,Amatov T,Carell T	2019			https://chemorigins.bact.wisc.edu/reactions/pbr-000729
pbr-000730	NC(=O)NC1=NOCC1.OC[C@H]1OC(O)[C@@H](O)[C@H]1O>>OC[C@H]1OC([C@@H](O)[C@H]1O)N1C=CC(=O)NC1=O	pentofuranose + pbm-000565	arabinofuranosyluracil	C5H10O5 + C4H7N3O2	C9H12N2O6	C(C1C(C(C(O1)O)O)O)O + NC(=O)NC1=NOCC1	C1=CN(C(=O)NC1=O)C2C(C(C(O2)CO)O)O	pbc-000341					Dithiothreitol; Ferrous iron; B(O)(O)O	10.1126/science.aax2747	Unified prebiotically plausible synthesis of pyrimidine and purine RNA ribonucleotides	Becker S,Feldmann J,Wiedemann S,Okamura H,Schneider C,Iwan K,Crisp A,Rossa M,Amatov T,Carell T	2019			https://chemorigins.bact.wisc.edu/reactions/pbr-000730
pbr-000731	NC(=O)NC1=NOCC1.OC[C@H]1OC(O)[C@@H](O)[C@H]1O>>NC1=NC(=O)N(C=C1)C1O[C@H](CO)[C@H](O)[C@@H]1O	pentofuranose + pbm-000565	1-beta-d-arabinofuranosylcytosine	C5H10O5 + C4H7N3O2	C9H13N3O5	C(C1C(C(C(O1)O)O)O)O + NC(=O)NC1=NOCC1	C1=CN(C(=O)N=C1N)C2C(C(C(O2)CO)O)O	pbc-000342					Dithiothreitol; Ferrous iron; B(O)(O)O	10.1126/science.aax2747	Unified prebiotically plausible synthesis of pyrimidine and purine RNA ribonucleotides	Becker S,Feldmann J,Wiedemann S,Okamura H,Schneider C,Iwan K,Crisp A,Rossa M,Amatov T,Carell T	2019			https://chemorigins.bact.wisc.edu/reactions/pbr-000731
pbr-000732	NC1=NC=NC(N)=C1NC=O.OC[C@H]1OC(O)[C@@H](O)[C@H]1O>>NC1=C2N=CN([C@@H]3O[C@H](CO)[C@@H](O)[C@H]3O)C2=NC=N1	pentofuranose + n-(4,6-diaminopyrimidin-5-yl)formamide	2-(6-aminopurin-9-yl)-5-(hydroxymethyl)oxolane-3,4-diol	C5H10O5 + C5H7N5O	C10H13N5O4	C(C1C(C(C(O1)O)O)O)O + C1=NC(=C(C(=N1)N)NC=O)N	C1=NC(=C2C(=N1)N(C=N2)C3C(C(C(O3)CO)O)O)N	pbc-000343					Dithiothreitol; Ferrous iron; B(O)(O)O	10.1126/science.aax2747	Unified prebiotically plausible synthesis of pyrimidine and purine RNA ribonucleotides	Becker S,Feldmann J,Wiedemann S,Okamura H,Schneider C,Iwan K,Crisp A,Rossa M,Amatov T,Carell T	2019			https://chemorigins.bact.wisc.edu/reactions/pbr-000732
pbr-000733	OC[C@H]1O[C@H]2[C@H](OC3=NC(=N)C=CN23)[C@@H]1O.OP(O)(O)=O>>NC1=NC(=O)N(C=C1)[C@@H]1O[C@H](CO)[C@H]2OP([O-])(=O)O[C@@H]12	Orthophosphate + pbm-000227	4-amino-1-[2-hydroxy-6-(hydroxymethyl)-2-oxidotetrahydrofuro[3,4-d][1,3,2]dioxaphosphol-4-yl]pyrimidin-2(1h)-one	H3O4P + C9H11N3O4	C9H12N3O7P	OP(=O)(O)O + N=C1C=CN2C(=N1)OC1C(O)C(CO)OC12	C1=CN(C(=O)N=C1N)C2C3C(C(O2)CO)OP(=O)(O3)O	pbc-000344						10.1038/nature08013	Synthesis of activated pyrimidine ribonucleotides in prebiotically plausible conditions	Powner M,Gerland B,Sutherland J	2009			https://chemorigins.bact.wisc.edu/reactions/pbr-000733
pbr-000734	NC1=NC(=O)N(C=C1)[C@@H]1O[C@H](CO)[C@H]2OP([O-])(=O)O[C@@H]12>>OC[C@H]1O[C@H]([C@@H]2OP([O-])(=O)O[C@H]12)N1C=CC(=O)NC1=O	4-amino-1-[2-hydroxy-6-(hydroxymethyl)-2-oxidotetrahydrofuro[3,4-d][1,3,2]dioxaphosphol-4-yl]pyrimidin-2(1h)-one	4-hydroxy-1-[2-hydroxy-6-(hydroxymethyl)-2-oxotetrahydro-2h-2lambda~5~-furo[3,4-d][1,3,2]dioxaphosphol-4-yl]pyrimidin-2(1h)-one	C9H12N3O7P	C9H11N2O8P	C1=CN(C(=O)N=C1N)C2C3C(C(O2)CO)OP(=O)(O3)O	C1=CN(C(=O)NC1=O)C2C3C(C(O2)CO)OP(=O)(O3)O	pbc-000345						10.1038/nature08013	Synthesis of activated pyrimidine ribonucleotides in prebiotically plausible conditions	Powner M,Gerland B,Sutherland J	2009			https://chemorigins.bact.wisc.edu/reactions/pbr-000734
pbr-000735	NC1=NC(=S)N(C=C1)[C@@H]1O[C@H](CO)[C@@H](O)[C@H]1O.O>>NC1=NC(=O)N(C=C1)[C@@H]1O[C@H](CO)[C@@H](O)[C@H]1O	H2O + 4-amino-1-[3,4-dihydroxy-5-(hydroxymethyl)oxolan-2-yl]pyrimidine-2-thione	1-beta-d-arabinofuranosylcytosine	H2O + C9H13N3O4S	C9H13N3O5	O + C1=CN(C(=S)N=C1N)C2C(C(C(O2)CO)O)O	C1=CN(C(=O)N=C1N)C2C(C(C(O2)CO)O)O	pbc-000346		2016.0			Phosphate	10.1038/nchem.2664	A prebiotically plausible synthesis of pyrimidine β-ribonucleosides and their phosphate derivatives involving photoanomerization	Xu J,Tsanakopoulou M,Magnani C,Szabla R,Šponer J,Šponer J,Góra R,Sutherland J	2016			https://chemorigins.bact.wisc.edu/reactions/pbr-000735
pbr-000736	NC1=NC(=S)N(C=C1)[C@H]1O[C@H](CO)[C@@H](O)[C@H]1O>>NC1=NC(=S)N(C=C1)[C@@H]1O[C@H](CO)[C@@H](O)[C@H]1O	4-amino-1-[3,4-dihydroxy-5-(hydroxymethyl)oxolan-2-yl]pyrimidine-2-thione	4-amino-1-[3,4-dihydroxy-5-(hydroxymethyl)oxolan-2-yl]pyrimidine-2-thione	C9H13N3O4S	C9H13N3O4S	C1=CN(C(=S)N=C1N)C2C(C(C(O2)CO)O)O	C1=CN(C(=S)N=C1N)C2C(C(C(O2)CO)O)O	pbc-000347					Phosphate	10.1038/nchem.2664	A prebiotically plausible synthesis of pyrimidine β-ribonucleosides and their phosphate derivatives involving photoanomerization	Xu J,Tsanakopoulou M,Magnani C,Szabla R,Šponer J,Šponer J,Góra R,Sutherland J	2016			https://chemorigins.bact.wisc.edu/reactions/pbr-000736
pbr-000737	OC[C@H]1O[C@H]2[C@H](OC3=NC(=N)C=CN23)[C@@H]1O>>O.NC1=NC(=O)N(C=C1)[C@H]1O[C@H](CO)[C@@H](O)[C@H]1O	pbm-000227	1-beta-d-arabinofuranosylcytosine + H2O	C9H11N3O4	C9H13N3O5 + H2O	N=C1C=CN2C(=N1)OC1C(O)C(CO)OC12	C1=CN(C(=O)N=C1N)C2C(C(C(O2)CO)O)O + O	pbc-000349						10.1038/nchem.2664	A prebiotically plausible synthesis of pyrimidine β-ribonucleosides and their phosphate derivatives involving photoanomerization	Xu J,Tsanakopoulou M,Magnani C,Szabla R,Šponer J,Šponer J,Góra R,Sutherland J	2016			https://chemorigins.bact.wisc.edu/reactions/pbr-000737
pbr-000738	C#CC#N.NC1=N[C@H]2O[C@H](CO)[C@@H](O)[C@H]2O1>>OC[C@H]1O[C@H]2[C@H](OC3=NC(=N)C=CN23)[C@@H]1O.O	5-(hydroxymethyl)-2-iminohexahydrofuro(2,3-d)(1,3)oxazol-6-ol + cyanoacetylene	H2O + pbm-000227	C6H10N2O4 + C3HN	H2O + C9H11N3O4	C(C1C(C2C(O1)N=C(O2)N)O)O + C#CC#N	O + N=C1C=CN2C(=N1)OC1C(O)C(CO)OC12	pbc-000350					Sulfidic acid	10.1038/nchem.2664	A prebiotically plausible synthesis of pyrimidine β-ribonucleosides and their phosphate derivatives involving photoanomerization	Xu J,Tsanakopoulou M,Magnani C,Szabla R,Šponer J,Šponer J,Góra R,Sutherland J	2016	pbmdl-000010	Oxazole pathway	https://chemorigins.bact.wisc.edu/reactions/pbr-000738
pbr-000739	OP(O)(O)=O.OCC(O)CO>>OCC1COP(O)(=O)O1	glycerin + Orthophosphate	glycerol 1,2-cyclic phosphate	C3H8O3 + H3O4P	C3H7O5P	C(C(CO)O)O + OP(=O)(O)O	C1C(OP(=O)(O1)O)CO	pbc-000351						10.1038/nchem.2002	A spontaneously blinking fluorophore based on intramolecular spirocyclization for live-cell super-resolution imaging	Uno S,Kamiya M,Yoshihara T,Sugawara K,Okabe K,Tarhan M,Fujita H,Funatsu T,Okada Y,Tobita S,Urano Y	2014			https://chemorigins.bact.wisc.edu/reactions/pbr-000739
pbr-000740	OCC1COP(O)(=O)O1>>OCC(O)COP(O)(O)=O	glycerol 1,2-cyclic phosphate	glycerophosphoric acid	C3H7O5P	C3H9O6P	C1C(OP(=O)(O1)O)CO	C(C(COP(=O)(O)O)O)O	pbc-000352						10.1038/nchem.2002	A spontaneously blinking fluorophore based on intramolecular spirocyclization for live-cell super-resolution imaging	Uno S,Kamiya M,Yoshihara T,Sugawara K,Okabe K,Tarhan M,Fujita H,Funatsu T,Okada Y,Tobita S,Urano Y	2014			https://chemorigins.bact.wisc.edu/reactions/pbr-000740
pbr-000741	OCC1COP(O)(=O)O1>>OCC(CO)OP(O)(O)=O	glycerol 1,2-cyclic phosphate	beta-glycerophosphoric acid	C3H7O5P	C3H9O6P	C1C(OP(=O)(O1)O)CO	C(C(CO)OP(=O)(O)O)O	pbc-000353						10.1038/nchem.2002	A spontaneously blinking fluorophore based on intramolecular spirocyclization for live-cell super-resolution imaging	Uno S,Kamiya M,Yoshihara T,Sugawara K,Okabe K,Tarhan M,Fujita H,Funatsu T,Okada Y,Tobita S,Urano Y	2014			https://chemorigins.bact.wisc.edu/reactions/pbr-000741
pbr-000742	O.C#N>>C=O.N	hydrogen cyanide + H2O	Ammonia + Formaldehyde	CHN + H2O	H3N + CH2O	C#N + O	N + C=O	pbc-000354					Sodium; Chloride	10.1073/pnas.1922139117	A continuous reaction network that produces RNA precursors	Yi R,Tran Q,Ali S,Yoda I,Adam Z,Cleaves H,Fahrenbach A	2020			https://chemorigins.bact.wisc.edu/reactions/pbr-000742
pbr-000743	C#N.N>>NC#N	Ammonia + hydrogen cyanide	cyanamide	H3N + CHN	CH2N2	N + C#N	C(#N)N	pbc-000357					Sodium; Chloride	10.1073/pnas.1922139117	A continuous reaction network that produces RNA precursors	Yi R,Tran Q,Ali S,Yoda I,Adam Z,Cleaves H,Fahrenbach A	2020			https://chemorigins.bact.wisc.edu/reactions/pbr-000743
pbr-000744	OCC=O.NC#N>>OCC(O)NC#N	cyanamide + Glycolaldehyde	pbm-000586	CH2N2 + C2H4O2	C3H6N2O2	C(#N)N + C(C=O)O	N#CNC(O)CO	pbc-000360	50.0				Phosphate; Sodium; Chloride	10.1073/pnas.1922139117	A continuous reaction network that produces RNA precursors	Yi R,Tran Q,Ali S,Yoda I,Adam Z,Cleaves H,Fahrenbach A	2020			https://chemorigins.bact.wisc.edu/reactions/pbr-000744
pbr-000744	OCC=O.NC#N>>OCC(O)NC#N	cyanamide + Glycolaldehyde	pbm-000586	CH2N2 + C2H4O2	C3H6N2O2	C(#N)N + C(C=O)O	N#CNC(O)CO	pbc-000358	50.0				Phosphate; Sodium; Chloride	10.1073/pnas.1922139117	A continuous reaction network that produces RNA precursors	Yi R,Tran Q,Ali S,Yoda I,Adam Z,Cleaves H,Fahrenbach A	2020			https://chemorigins.bact.wisc.edu/reactions/pbr-000744
pbr-000745	OCC(O)NC#N.N>>NC1=NC=CN1.O	Ammonia + pbm-000586	H2O + 1h-imidazol-2-amine	H3N + C3H6N2O2	H2O + C3H5N3	N + N#CNC(O)CO	O + C1=CN=C(N1)N	pbc-000359	50.0				Phosphate; Sodium; Chloride	10.1073/pnas.1922139117	A continuous reaction network that produces RNA precursors	Yi R,Tran Q,Ali S,Yoda I,Adam Z,Cleaves H,Fahrenbach A	2020			https://chemorigins.bact.wisc.edu/reactions/pbr-000745
pbr-000746	NC1=NC=NC(N)=C1N=O.[Fe].OC=O>>[Fe+2].NC1=NC=NC(N)=C1NC=O	Formate + iron + 4,6-pyrimidinediamine, 5-nitroso-	n-(4,6-diaminopyrimidin-5-yl)formamide + ferrous ion	CH2O2 + Fe + C4H5N5O	C5H7N5O + Fe+2	C(=O)O + [Fe] + C1=NC(=C(C(=N1)N)N=O)N	C1=NC(=C(C(=N1)N)NC=O)N + [Fe+2]	pbc-000331						10.1038/s41467-017-02639-1	Wet-dry cycles enable the parallel origin of canonical and non-canonical nucleosides by continuous synthesis	Becker S,Schneider C,Okamura H,Crisp A,Amatov T,Dejmek M,Carell T	2018			https://chemorigins.bact.wisc.edu/reactions/pbr-000746
pbr-000747	NC1=NC=NC(N)=C1N=O.[Ni].OC=O>>[Ni+2].NC1=NC=NC(N)=C1NC=O	Formate + nickel + 4,6-pyrimidinediamine, 5-nitroso-	n-(4,6-diaminopyrimidin-5-yl)formamide + Nickel(2+)	CH2O2 + Ni + C4H5N5O	C5H7N5O + Ni+2	C(=O)O + [Ni] + C1=NC(=C(C(=N1)N)N=O)N	C1=NC(=C(C(=N1)N)NC=O)N + [Ni+2]	pbc-000332						10.1038/s41467-017-02639-1	Wet-dry cycles enable the parallel origin of canonical and non-canonical nucleosides by continuous synthesis	Becker S,Schneider C,Okamura H,Crisp A,Amatov T,Dejmek M,Carell T	2018			https://chemorigins.bact.wisc.edu/reactions/pbr-000747
